1948	06	20	SG	AY	4	2	F		10	1326	1290	0	−	81	87
1953	09	13	SG	AY	1	3	F		-20	1283	1310	−5	+5	99	92
1956	03	17	AY	KH	9	2	SQ		12	1322	1074	+1	−1	96	128
1956	04	01	SG	AY	2	4	SMT		-27	1261	1349	−6	+3	112	93
1956	04	24	KH	AY	3	2	SQ		29	1103	1320	+3	−3	125	96
1956	05	03	RV	AY	4	0	SQ		18	1433	1302	+3	−5	81	101
1956	05	24	AY	RV	3	3	SQ		2	1304	1431	+2	0	100	82
1957	02	16	AY	IN	2	3	F		-6	1298	1554	−1	+2	104	54
1957	05	11	SG	AY	1	1	F		-2	1256	1300	0	0	116	104
1957	09	01	AY	BU	5	2	MRD		17	1317	1261	+2	−3	101	113
1957	09	03	AY	RV	1	4	MRD		-27	1290	1430	−5	+7	106	81
1957	09	04	AY	HK	3	3	MRD		2	1292	1427	+1	−1	105	83
1957	09	07	AY	ID	2	4	MRD		-16	1276	1511	−5	+5	110	61
1957	10	27	RV	AY	1	0	F		5	1394	1271	+1	−3	90	114
1957	10	31	KH	AY	1	3	F		-11	1062	1282	0	+4	135	110
1958	03	01	AY	SG	5	2	F		13	1295	1281	+4	−5	106	111
1958	03	02	AY	SG	3	1	F		10	1305	1271	+3	−2	103	113
1958	05	03	SG	AY	3	3	F		-1	1247	1306	0	0	116	103
1958	05	04	SG	AY	0	3	F		-20	1227	1326	−4	+2	120	101
1958	05	14	AY	PK	4	2	F		15	1341	1413	+1	−4	100	86
1958	05	25	TW	AY	2	1	ASG	JP	5	1678	1336	0	0	32	100
1958	05	27	RV	AY	6	1	ASG	JP	33	1428	1303	+8	−5	82	104
1958	06	04	HK	AY	2	2	F		-7	1492	1310	−1	+2	65	101
1958	08	30	AY	ID	3	2	MRD		22	1332	1554	0	−6	100	56
1958	09	01	AY	HK	3	0	MRD		32	1364	1477	+4	−9	96	72
1958	09	02	AY	SG	0	0	MRD		-9	1355	1222	−2	+1	98	120
1958	09	04	AY	RV	2	0	MRD		18	1373	1360	+3	−3	95	97
1958	12	28	AY	JP	6	2	F		10	1383	1276	+2	−1	94	111
1959	01	04	AY	JP	1	3	F		-23	1360	1299	−3	+6	98	106
1959	01	22	BU	AY	2	4	F		-15	1243	1375	−3	+3	119	95
1959	01	24	BU	AY	3	2	F		11	1254	1364	+3	−2	116	97
1959	01	27	BU	AY	2	0	F		15	1269	1349	+2	−4	114	101
1959	05	11	SG	AY	2	5	SQ		-29	1155	1378	−1	+5	128	96
1959	05	13	RV	AY	1	0	SQ	SG	19	1409	1359	+5	−3	89	99
1959	08	00	AY	KR	4	1	F		28	1387	1663	+3	0	96	35
1959	09	02	AY	RV	4	3	MRD		13	1400	1420	+4	−3	92	85
1959	09	04	AY	IN	1	1	MRD		2	1402	1543	0	−1	92	58
1959	09	06	AY	HK	2	1	MRD		13	1415	1437	+4	−2	88	82
1959	09	07	AY	KR	2	4	F		-10	1405	1648	−3	+1	91	39
1959	12	13	AY	BU	2	1	SEP	TH	12	1417	1256	+3	−2	89	116
1959	12	14	TH	AY	3	1	SEP		45	1170	1372	+3	−9	127	98
1959	12	15	AY	RV	2	1	SEP	TH	28	1400	1490	+5	−8	93	70
1960	04	20	ID	AY	5	0	F		9	1529	1391	+3	−2	58	96
1960	05	06	AY	IN	0	0	F		-1	1390	1471	0	0	96	77
1960	08	07	AY	TH	8	2	MRD		9	1399	1164	+2	0	94	130
1960	08	12	AY	PK	1	0	MRD		12	1411	1418	+2	−5	92	88
1960	08	14	AY	KR	0	0	MRD		6	1417	1649	+4	−1	88	39
1961	05	28	JP	AY	3	2	F		10	1344	1407	0	−6	105	92
1961	08	02	AY	JP	3	2	MRD		8	1415	1325	+3	0	89	105
1961	08	05	AY	RV	3	1	MRD		17	1432	1406	+8	−8	82	93
1961	08	09	AY	IN	1	2	MRD		-19	1413	1445	−8	+6	89	78
1961	08	13	AY	ID	1	2	MRD		-13	1400	1561	−4	+2	94	54
1961	10	23	AY	ID	3	1	VIC	RV	31	1431	1512	+10	−9	83	65
1961	10	26	RV	AY	1	0	VIC		9	1491	1422	+1	−3	72	86
1961	12	12	AY	KH	4	0	SEP	BU	9	1431	1062	+3	0	83	142
1961	12	13	BU	AY	1	2	SEP		-14	1209	1445	−1	+4	124	79
1961	12	14	AY	TH	2	2	SEP	BU	-13	1432	1179	−3	+1	82	131
1961	12	16	BU	AY	0	2	SEP		-22	1216	1454	−2	+6	124	76
1962	06	04	AY	KR	1	3	F		-9	1445	1705	−2	+1	82	26
1962	06	06	AY	KR	3	4	F		-6	1439	1711	0	+1	82	25
1962	06	08	AY	KR	1	0	F		15	1454	1696	+2	−2	80	27
1962	08	26	AY	PH	15	1	ASG	ID	14	1468	1078	+3	−1	78	143
1962	08	28	ID	AY	2	3	ASG		-28	1488	1496	−7	+7	73	71
1962	08	29	RV	AY	3	0	ASG	ID	41	1472	1455	+8	−11	77	82
1962	09	01	KR	AY	2	1	ASG	ID	7	1719	1448	0	0	25	82
1962	09	03	AY	RV	4	1	ASG	ID	36	1484	1422	+8	−7	74	87
1962	09	08	AY	JP	2	2	MRD		-9	1475	1334	−2	+1	77	105
1962	09	13	AY	BU	3	2	MRD		3	1478	1204	0	−1	77	127
1962	09	16	AY	PK	0	0	MRD		-8	1470	1384	−1	+1	78	101
1962	10	27	AY	TH	4	2	VIC	RV	7	1477	1176	+1	0	78	134
1962	10	28	ID	AY	2	1	VIC	RV	15	1500	1462	+5	−2	70	80
1962	10	30	RV	AY	2	0	VIC		19	1429	1443	+5	−3	86	83
1962	11	18	AY	SE	0	0	F		7	1450	1859	+3	0	81	12
1962	11	22	AY	SE	0	1	F		-3	1447	1862	−2	0	83	12
1963	08	08	AY	JP	3	4	MRD		-24	1423	1318	−4	+8	86	106
1963	08	11	AY	RV	0	5	MRD		-36	1387	1493	−11	+9	97	70
1963	08	12	AY	TW	2	3	MRD		-9	1378	1636	−3	0	100	40
1963	08	14	AY	TH	2	2	MRD		-11	1367	1183	−2	0	103	133
1963	08	16	AY	KR	3	0	MRD		42	1409	1656	+13	−8	90	37
1963	10	12	MY	TH	1	1	OQ		-15	1394	1205	−7	+3	96	130
1963	11	16	TH	MY	3	2	OQ		25	1230	1369	+2	−7	128	103
1963	12	07	RV	MY	5	3	SQ		17	1453	1352	+1	−1	81	105
1963	12	11	MY	TH	3	1	SQ	RV	21	1373	1219	+1	−6	104	129
1963	12	14	HK	MY	4	3	SQ	RV	16	1467	1357	+5	−2	77	106
1964	08	22	MY	TH	3	0	MRD		11	1368	1207	+1	−2	105	130
1964	08	24	MY	IN	1	1	MRD		1	1369	1492	0	0	105	73
1964	08	28	MY	BU	0	3	MRD		-42	1327	1280	−5	+5	110	119
1964	08	30	MY	RV	1	2	MRD		-15	1312	1438	−1	+4	111	82
1964	09	02	MY	TW	5	2	MRD		42	1354	1607	+3	−6	108	44
1964	09	05	MY	TH	1	1	MRD		-9	1345	1220	0	+2	108	127
1965	03	27	MY	JP	1	1	F		0	1345	1440	−1	0	107	83
1965	08	17	MY	KR	0	2	MRD		-17	1328	1548	−6	+2	114	59
1965	08	19	MY	RV	3	3	MRD		2	1330	1463	0	−1	114	79
1965	08	21	MY	IN	0	3	MRD		-22	1308	1514	−2	+4	116	67
1965	08	23	MY	HK	1	3	MRD		-26	1282	1373	−4	+5	120	101
1965	11	14	MY	TH	2	1	VIC	RV	13	1295	1226	+4	−1	116	130
1965	11	16	RV	MY	2	2	VIC		-10	1446	1305	−2	+1	83	115
1965	12	07	MY	AU	0	1	F		-8	1297	1483	−1	+3	116	74
1965	12	08	MY	AU	0	3	F		-13	1284	1496	−5	+6	121	68
1965	12	18	MY	BU	0	2	SEP		-29	1255	1425	−3	+5	124	88
1965	12	20	MY	RV	0	2	SEP		-27	1228	1419	−6	+4	130	90
1966	08	13	MY	RV	5	2	MRD		33	1261	1386	+7	−6	124	97
1966	08	17	MY	HK	1	0	MRD		14	1275	1320	+1	−2	123	113
1966	08	19	MY	TH	0	0	MRD		-4	1271	1287	0	+3	124	117
1966	08	21	MY	BU	0	0	MRD		2	1273	1427	0	0	124	89
1966	08	27	MY	KR	1	2	MRD		-8	1265	1551	−1	+1	125	54
1966	11	01	RV	MY	3	2	VIC		5	1439	1260	+2	0	86	125
1966	11	03	MY	TH	1	1	VIC	RV	1	1261	1282	0	0	125	120
1966	12	10	IR	MY	2	0	ASG	TH	7	1610	1254	+2	0	44	126
1966	12	12	IN	MY	2	1	ASG	TH	7	1516	1247	0	−1	63	127
1966	12	14	JP	MY	1	0	ASG	TH	7	1513	1240	+2	−1	63	128
1967	03	24	MY	SG	1	1	SQ	HK	5	1245	1315	0	−3	128	114
1967	03	26	HK	MY	3	1	SQ		15	1345	1230	+2	−1	104	129
1967	03	29	MY	RV	2	0	SQ	HK	43	1273	1348	+5	−6	124	104
1967	03	31	TH	MY	1	0	SQ	HK	19	1312	1254	0	−1	116	125
1967	08	13	MY	HK	3	0	MRD		26	1280	1330	+5	−3	121	108
1967	08	15	MY	RV	1	1	MRD		1	1281	1404	0	0	121	94
1967	08	19	MY	IN	0	0	MRD		5	1286	1490	+3	0	119	67
1967	08	20	MY	TH	1	0	MRD		10	1296	1262	+3	0	116	126
1967	08	23	MY	KR	1	3	MRD		-16	1280	1522	−4	+2	120	64
1967	08	25	MY	RV	1	2	MRD		-13	1267	1434	−5	+1	125	89
1967	11	04	MY	TH	3	2	VIC	RV	15	1282	1247	+6	−2	118	127
1967	11	08	MY	HK	2	0	VIC	RV	22	1304	1259	+2	−6	115	124
1967	11	11	KR	MY	2	1	VIC	RV	5	1609	1299	+2	0	46	115
1967	11	12	AU	MY	1	0	VIC	RV	6	1540	1293	0	0	62	115
1967	11	14	RV	MY	4	1	VIC		11	1441	1282	+5	−2	82	117
1967	11	16	MY	NZ	2	8	F		-16	1266	1484	−7	+4	124	70
1967	11	26	MY	AU	0	4	F		-8	1258	1589	0	+2	124	53
1967	12	10	TH	MY	4	0	SEP		26	1298	1232	+5	−5	114	127
1967	12	11	BU	MY	2	1	SEP	TH	5	1580	1227	+1	−1	55	128
1968	08	09	MY	HK	1	1	MRD		-5	1222	1213	0	+3	127	129
1968	08	11	MY	IN	2	1	MRD		17	1239	1350	+2	−1	125	104
1968	08	14	MY	RV	4	0	MRD		35	1274	1394	+6	−9	119	95
1968	08	17	MY	TH	4	1	MRD		22	1296	1299	+4	−3	115	114
1968	08	18	MY	BU	1	1	MRD		7	1303	1558	+1	−1	114	59
1968	08	25	MY	BU	3	0	MRD		38	1341	1532	+7	−7	107	65
1968	11	21	ID	MY	1	0	KNG	TH	10	1473	1331	+2	−3	73	110
1968	11	24	MY	LA	5	0	KNG	TH	6	1337	936	+3	0	107	163
1968	11	26	TH	MY	3	0	KNG		22	1317	1315	+4	−5	111	112
1968	11	28	ID	MY	6	1	KNG	TH	15	1525	1300	+3	−2	66	114
1968	12	02	TH	MY	6	0	KNG		23	1324	1277	+2	−4	111	118
1969	10	30	MY	TH	1	0	MRD		12	1289	1296	+2	−2	116	113
1969	11	03	MY	ID	1	3	MRD		-13	1276	1564	−3	+5	118	56
1969	11	07	MY	BU	3	1	MRD		32	1308	1504	+6	−4	112	69
1969	11	09	MY	ID	2	3	MRD		-8	1300	1578	−1	+4	113	52
1969	11	19	TH	MY	2	2	KNG		-4	1298	1304	−2	+1	113	111
1969	11	21	KR	MY	2	0	KNG	TH	8	1580	1296	+2	−2	52	113
1969	11	23	LA	MY	1	1	KNG	TH	11	974	1285	0	−3	162	116
1969	12	06	MY	LA	2	1	SEP	BU	5	1290	961	+1	0	115	162
1969	12	07	MY	RV	2	1	SEP	BU	25	1315	1362	+6	−5	109	100
1969	12	10	TH	MY	3	0	SEP	BU	37	1330	1278	+9	−9	107	118
1970	06	20	MY	SG	5	0	JAT	ID	24	1302	1186	+7	−5	113	137
1970	06	26	HK	MY	1	1	JAT	ID	4	1210	1298	+1	0	132	113
1970	07	30	MY	RV	0	0	MRD		-3	1295	1341	−3	0	116	106
1970	08	01	MY	IN	1	3	MRD		-30	1265	1313	−6	+7	122	113
1970	08	04	MY	TW	3	1	MRD		20	1285	1307	+2	−5	120	112
1970	08	09	MY	BU	1	2	MRD		-9	1276	1534	−2	+2	122	64
1970	08	15	MY	ID	4	0	MRD		41	1317	1510	+11	−9	110	68
1970	10	29	RV	MY	1	1	VIC		-4	1314	1321	−2	0	112	111
1970	10	31	TH	MY	4	1	VIC	RV	25	1356	1296	+6	−3	103	114
1970	11	01	MY	ID	3	1	VIC	RV	32	1328	1428	+3	−9	111	85
1970	11	09	KU	MY	1	1	KNG	TH	5	1216	1323	+1	−1	131	112
1970	11	13	ID	MY	3	0	KNG	TH	17	1463	1306	+4	−2	76	114
1970	11	15	MY	RV	2	1	KNG	TH	16	1322	1313	+3	−3	111	113
1970	11	18	KR	MY	2	0	KNG	TH	7	1625	1315	+1	0	45	111
1970	11	20	MY	ID	3	0	KNG	TH	36	1351	1421	+6	−10	105	86
1970	12	10	JP	MY	1	0	ASG	TH	8	1589	1343	+2	−4	52	109
1970	12	12	BU	MY	1	0	ASG	TH	10	1547	1333	+2	0	62	109
1970	12	14	KU	MY	2	0	ASG	TH	41	1244	1292	+6	−5	127	114
1971	05	03	MY	KU	3	1	PRS	KR	19	1311	1225	+1	−3	113	130
1971	05	06	KR	MY	5	1	PRS		4	1649	1307	0	0	40	113
1971	05	08	MY	TH	4	1	PRS	KR	30	1337	1322	+6	−7	107	109
1971	05	11	BU	MY	6	1	PRS	KR	11	1614	1326	+2	−1	46	107
1971	05	13	ID	MY	4	2	PRS	KR	16	1442	1310	+4	−7	81	114
1971	05	15	TH	MY	3	0	FT	TW	25	1347	1285	+4	−3	104	117
1971	05	16	TW	MY	1	4	FT		-36	1277	1321	−9	+8	121	109
1971	05	22	MY	BN	8	0	SQ	TH	8	1329	892	+1	−	108	169
1971	05	26	MY	KU	2	1	SQ	TH	15	1344	1230	+3	−2	105	128
1971	05	28	MY	HK	2	1	SQ	TH	13	1357	1197	+3	−2	102	135
1971	05	30	TH	MY	1	0	SQ		16	1351	1341	+6	−5	101	107
1971	06	01	MY	ID	3	0	SQ	TH	43	1384	1383	+11	−10	96	97
1971	06	08	KU	MY	1	1	JAT	ID	5	1267	1379	+2	−1	121	98
1971	06	11	BU	MY	5	1	JAT	ID	11	1633	1368	+2	−2	42	100
1971	06	14	ID	MY	2	1	JAT		10	1407	1358	+2	−1	91	100
1971	06	15	MY	KU	2	1	JAT	ID	12	1370	1273	+1	−4	99	121
1971	08	04	MY	RV	2	0	MRD		9	1379	1218	+1	−1	97	130
1971	08	06	MY	TW	0	0	MRD		-8	1371	1269	−1	0	99	123
1971	08	14	MY	TH	0	2	MRD		-34	1337	1303	−10	+9	107	114
1971	08	20	MY	SG	4	2	MRD		6	1343	1120	+2	0	105	145
1971	09	23	MY	JP	3	0	OQ	KR	56	1399	1523	+14	−11	92	65
1971	09	25	KR	MY	0	1	OQ		-35	1599	1434	−8	+10	49	82
1971	09	27	MY	TW	3	0	OQ	KR	18	1452	1228	+7	0	75	129
1971	10	02	MY	PH	5	0	OQ	KR	7	1459	1049	0	−1	75	158
1971	10	28	RV	MY	0	1	VIC		-11	1262	1470	−2	+3	123	73
1971	10	30	MY	SG	1	1	VIC	RV	-11	1459	1144	−3	+2	76	143
1971	10	31	RV	MY	1	1	VIC		3	1284	1456	+1	0	117	76
1971	11	08	MY	KR	2	2	KNG	TH	6	1462	1611	+1	−4	75	47
1971	11	10	ID	MY	2	0	KNG	TH	26	1437	1436	+7	−8	82	83
1971	12	12	MY	LA	5	0	SEP		3	1439	994	+1	−2	79	163
1971	12	14	MY	TH	4	2	SEP		9	1448	1222	+3	0	76	129
1971	12	15	MY	KU	3	0	SEP		12	1460	1268	+1	−1	75	121
1971	12	17	MY	RV	3	2	SEP		10	1470	1358	+3	−2	72	101
1971	12	18	MY	BU	1	2	SEP		-16	1454	1654	−3	0	75	39
1972	06	07	MY	LK	3	0	JAT	ID	3	1457	968	0	0	73	164
1972	06	09	MY	LA	2	1	JAT	ID	2	1459	966	0	−1	73	165
1972	06	13	ID	MY	3	0	JAT		19	1477	1440	+5	−6	69	79
1972	06	15	BU	MY	2	2	JAT	ID	-8	1648	1448	−3	0	42	79
1972	07	12	MY	LK	4	1	MRD		2	1450	976	+2	−1	76	164
1972	07	14	MY	PH	1	0	MRD		2	1452	1084	+1	0	75	155
1972	07	19	MY	KU	6	1	MRD		14	1466	1330	+5	−1	71	109
1972	07	22	MY	JP	3	1	MRD		21	1487	1529	+4	−3	66	63
1972	07	29	MY	KR	1	2	MRD		-15	1472	1598	−2	+1	68	50
1972	08	31	MA	MY	6	0	OG	WG	25	1744	1447	+2	−9	27	79
1972	09	20	MY	KU	1	0	PRS	KR	9	1456	1302	+6	−1	73	114
1972	09	22	MY	TH	1	1	PRS	KR	-9	1447	1231	−6	0	79	131
1972	09	24	KR	MY	2	0	PRS		8	1613	1439	0	−3	47	82
1972	09	28	ID	MY	3	1	PRS	KR	19	1519	1420	+1	−5	63	87
1972	09	30	KR	MY	1	0	PRS		5	1600	1415	0	0	50	87
1972	10	28	RV	MY	0	0	VIC		-1	1346	1416	0	+1	107	87
1972	10	29	KU	MY	1	0	VIC	RV	21	1300	1395	+6	−7	115	94
1972	11	01	SG	MY	3	1	VIC	RV	37	1177	1358	+3	−11	140	105
1972	11	18	KR	MY	4	1	KNG	TH	11	1595	1347	+1	−1	50	106
1972	11	20	TH	MY	0	2	KNG		-24	1243	1371	−5	+6	130	100
1972	11	22	MY	SG	2	0	KNG	TH	12	1383	1176	+2	−3	98	140
1972	11	26	MY	ID	2	0	KNG	TH	26	1409	1405	+10	−8	87	89
1972	11	28	TH	MY	0	1	KNG		-15	1286	1424	−3	+5	119	82
1973	05	17	HK	MY	1	0	WQ	KR	28	1301	1396	+4	−12	119	95
1973	05	19	IL	MY	3	0	WQ	KR	10	1724	1386	+1	−1	27	96
1973	05	21	KR	MY	0	0	WQ		-13	1552	1399	−3	+2	58	94
1973	05	23	MY	TH	2	0	WQ	KR	18	1417	1238	+7	−1	87	129
1973	06	12	BU	MY	2	2	JAT	ID	-9	1656	1426	−1	+4	38	83
1973	06	14	ID	MY	2	0	JAT		17	1429	1409	+6	−5	82	88
1973	07	26	MY	KW	0	0	MRD		-5	1404	1405	−2	+3	90	89
1973	07	28	MY	KU	1	0	MRD		8	1412	1307	+1	−3	89	116
1973	08	01	MY	TH	2	2	MRD		-10	1402	1223	−2	0	91	131
1973	08	04	MY	IN	4	0	MRD		18	1420	1357	+4	−5	87	105
1973	08	10	MY	BU	2	1	MRD		21	1441	1646	+11	−5	77	39
1973	08	12	MY	KW	3	1	MRD		15	1456	1404	+4	−2	73	90
1973	09	02	MY	TH	1	1	SEP	SG	-11	1445	1254	−3	+1	77	127
1973	09	04	SG	MY	0	0	SEP		9	1187	1436	+1	−5	138	82
1973	09	06	BU	MY	1	0	SEP	SG	9	1661	1427	+1	−3	35	85
1973	09	07	SG	MY	0	3	SEP		-22	1165	1449	−2	+10	140	75
1973	09	24	MY	TH	5	1	PRS	KR	15	1464	1251	+4	−4	71	127
1973	09	26	MY	BU	3	1	PRS	KR	34	1498	1619	+6	−5	65	43
1973	09	28	KU	MY	2	0	PRS	KR	37	1276	1461	+6	−6	123	71
1973	09	30	KR	MY	2	0	PRS		10	1599	1451	+4	−4	47	75
1973	11	01	RV	MY	1	5	VIC		-23	1260	1474	−3	+7	125	69
1973	11	03	MY	SG	2	1	VIC	RV	4	1478	1161	+1	−1	68	141
1973	12	18	MY	KR	0	0	KNG	TH	5	1483	1592	0	−1	68	50
1973	12	20	MY	KU	3	2	KNG	TH	7	1490	1272	+3	0	65	123
1973	12	23	TH	MY	0	1	KNG		-11	1280	1501	−5	0	122	65
1973	12	25	KR	MY	2	1	KNG	TH	10	1625	1491	0	0	43	65
1974	02	16	MY	JP	0	1	F		-14	1477	1470	−3	+4	68	71
1974	05	11	KU	MY	1	1	PRS	KR	8	1277	1469	+1	−3	122	72
1974	05	15	KR	MY	4	0	PRS		12	1609	1457	+2	−5	44	77
1974	06	03	BU	MY	3	0	JAT	ID	17	1600	1440	+4	−4	46	81
1974	06	07	ID	MY	4	3	JAT		12	1411	1428	+3	−5	91	86
1974	07	25	MY	IN	4	1	MRD		16	1444	1367	+7	−5	79	102
1974	07	27	MY	HK	1	0	MRD		7	1451	1345	+1	0	78	107
1974	08	01	MY	TH	3	2	MRD		5	1456	1286	+2	0	76	118
1974	09	03	IL	MY	8	3	ASG	IR	15	1728	1441	0	−3	27	79
1974	09	05	JP	MY	1	1	ASG	IR	-2	1470	1443	−1	+1	72	79
1974	09	07	MY	PH	11	0	ASG	IR	9	1452	1018	+1	0	78	159
1974	09	09	IR	MY	1	0	ASG		7	1626	1445	+2	−1	39	79
1974	09	11	IQ	MY	0	0	ASG	IR	-8	1592	1453	−1	+1	47	78
1974	09	13	MY	KR	3	2	ASG	IR	26	1479	1533	+8	−9	70	60
1974	09	15	MY	KP	2	1	ASG	IR	29	1508	1609	+2	−5	68	44
1974	11	02	LA	MY	0	0	VIC	RV	14	953	1494	+1	−1	165	69
1974	11	03	MY	TW	0	0	VIC	RV	-10	1484	1222	−1	+1	70	131
1974	11	05	RV	MY	1	0	VIC		20	1293	1464	+6	−4	117	74
1974	12	10	TH	MY	0	2	KNG		-14	1212	1478	−2	+5	132	70
1974	12	12	MY	SG	0	0	KNG	TH	-12	1466	1131	−5	+3	75	143
1974	12	14	LA	MY	2	2	KNG	TH	14	942	1452	0	−4	166	79
1974	12	16	TH	MY	4	1	KNG		35	1262	1417	+5	−13	125	92
1974	12	18	MY	KR	0	0	KNG	TH	4	1421	1511	+3	0	89	65
1974	12	20	MY	KU	3	0	KNG	TH	18	1439	1290	+6	0	83	117
1975	03	16	MY	KR	2	1	SQ	TH	26	1465	1514	+8	−8	75	64
1975	03	18	TH	MY	0	1	SQ		-16	1277	1481	−5	+5	122	70
1975	03	20	ID	MY	0	0	SQ	TH	6	1373	1475	+2	0	98	70
1975	03	23	MY	RV	3	0	SQ	TH	13	1488	1209	+1	−2	69	132
1975	03	26	TH	MY	2	1	F		12	1340	1476	+2	−1	108	70
1975	06	13	MY	TH	1	0	JAT	ID	8	1484	1290	+2	0	72	118
1975	06	14	ID	MY	3	1	JAT		23	1402	1461	+5	−5	92	77
1975	06	16	MY	KR	1	1	JAT	ID	4	1465	1545	0	−1	77	56
1975	06	18	BU	MY	2	0	JAT	ID	18	1557	1447	+5	−5	53	81
1975	07	29	MY	KR	1	3	MRD		-24	1423	1551	−7	+9	89	54
1975	08	02	MY	JP	2	0	MRD		17	1440	1426	+6	−5	83	87
1975	08	04	MY	TH	1	0	MRD		6	1446	1285	+3	−2	80	120
1975	08	06	MY	BD	3	0	MRD		3	1449	1029	+1	0	79	158
1975	08	08	MY	HK	3	1	MRD		10	1459	1331	+5	−3	75	110
1975	08	10	MY	BU	2	1	MRD		16	1475	1561	+1	−1	74	53
1975	08	14	MY	ID	2	1	MRD		7	1482	1373	0	−1	73	100
1975	08	17	MY	KR	0	1	MRD		-14	1468	1628	−1	0	75	44
1975	12	09	TH	MY	1	1	SEP		8	1238	1460	+1	−2	126	76
1975	12	13	MY	BU	1	0	SEP	TH	24	1484	1512	+4	−1	72	61
1975	12	16	TH	MY	2	1	SEP		28	1255	1456	+3	−5	124	77
1975	12	21	MY	SG	0	0	KNG	TH	-10	1446	1170	−4	+1	81	138
1975	12	27	BU	MY	2	1	KNG	TH	13	1504	1433	+6	−5	62	86
1975	12	29	TH	MY	1	0	KNG		18	1276	1415	+3	−1	120	87
1976	01	02	KR	MY	4	0	KNG	TH	12	1647	1403	0	−5	41	92
1976	02	15	MY	PG	10	1	OQ	ID	13	1416	1052	+6	0	87	156
1976	02	18	KP	MY	2	0	OQ	ID	14	1644	1402	+4	−7	40	94
1976	02	22	MY	SG	6	0	OQ	ID	22	1424	1193	+8	−5	86	137
1976	02	24	ID	MY	2	1	OQ		18	1373	1406	+4	−7	101	93
1976	05	06	CN	MY	2	0	F		6	1568	1400	0	−2	51	94
1976	05	09	KP	MY	5	0	F		5	1649	1395	0	0	42	94
1976	06	03	KW	MY	2	0	AC	IR	16	1631	1379	+2	−6	44	100
1976	06	05	CN	MY	1	1	AC	IR	-12	1556	1391	−1	+6	52	94
1976	06	08	BU	MY	3	1	JAT	ID	16	1506	1375	+3	−6	63	100
1976	06	10	ID	MY	1	2	JAT		-20	1370	1395	−7	+6	101	94
1976	06	12	KR	MY	2	1	JAT	ID	6	1645	1389	+1	0	43	94
1976	08	07	MY	KR	2	1	MRD		22	1411	1632	+3	−4	91	43
1976	08	09	MY	TH	0	0	MRD		-9	1402	1290	−2	+3	93	116
1976	08	12	MY	IN	5	1	MRD		13	1415	1284	+4	−2	89	117
1976	08	14	MY	ID	7	1	MRD		16	1431	1309	+4	−4	85	114
1976	08	17	MY	BU	3	1	MRD		22	1453	1506	+7	−1	78	61
1976	08	20	MY	JP	2	2	MRD		-3	1450	1492	0	0	78	65
1976	08	22	MY	JP	2	0	MRD		19	1469	1473	+5	−7	73	72
1976	09	11	KR	MY	4	4	PRS		-10	1631	1479	−1	+2	42	71
1976	09	13	MY	SG	4	1	PRS	KR	8	1487	1181	+6	0	64	136
1976	09	19	MY	IN	4	0	PRS	KR	12	1499	1256	+1	−2	64	123
1976	12	18	MY	BD	6	0	KNG	TH	4	1503	1010	+3	0	63	163
1976	12	22	MY	KR	1	1	KNG	TH	5	1508	1629	0	−1	64	43
1976	12	25	TH	MY	1	1	KNG		3	1341	1505	+1	−1	107	65
1977	03	01	MY	TH	6	4	WQ	SG	15	1520	1297	+5	−3	60	114
1977	03	03	ID	MY	0	0	WQ	SG	13	1265	1507	+6	−4	120	64
1977	03	06	SG	MY	1	0	WQ		30	1245	1477	+5	−11	127	76
1977	03	08	HK	MY	1	1	WQ	SG	4	1413	1473	0	0	90	76
1977	07	16	MY	BU	1	0	MRD		11	1484	1474	+5	−5	69	74
1977	07	18	MY	TH	3	0	MRD		9	1493	1292	+1	−2	68	115
1977	07	21	MY	LY	1	1	MRD		-9	1484	1374	−1	+3	69	98
1977	07	23	MY	IQ	0	0	MRD		-2	1482	1536	−1	+1	70	59
1977	07	26	MY	KR	1	1	MRD		5	1487	1698	+1	−1	69	30
1977	09	08	MY	BH	3	1	PRS	KR	5	1492	1129	+2	−2	68	147
1977	09	13	KR	MY	3	0	PRS		8	1698	1484	0	−2	32	70
1977	09	15	MY	TH	1	1	PRS	KR	-7	1477	1312	−2	+2	72	111
1977	11	01	MY	SG	4	3	KNG	TH	4	1481	1169	+2	0	68	137
1977	11	06	TH	MY	1	2	KNG		-12	1303	1493	−3	0	113	68
1977	11	10	MY	IN	3	0	KNG	TH	10	1503	1241	+2	−2	66	127
1977	11	19	MY	ID	1	2	SEG		-34	1469	1328	−7	+6	73	109
1977	11	21	MY	PH	5	0	SEG		4	1473	1049	+1	−1	72	157
1977	11	23	MY	BN	7	0	SEG		1	1474	841	0	0	73	177
1977	11	25	MY	BU	9	1	SEG		35	1509	1448	+7	−12	66	80
1977	11	26	MY	TH	2	0	SEG		9	1518	1291	+1	−1	65	115
1978	04	00	SG	MY	1	0	KNG	TH	27	1153	1491	+8	−3	139	67
1978	05	00	MY	SG	3	2	KNG	TH	4	1495	1149	0	0	67	139
1978	06	13	ID	MY	3	0	JAT		32	1350	1463	+6	−9	103	76
1978	06	16	MY	SG	1	1	JAT	ID	-11	1452	1158	−3	+1	79	139
1978	06	19	KR	MY	3	1	JAT	ID	8	1722	1444	+1	−2	29	80
1978	06	21	MY	TH	1	1	JAT	ID	-6	1438	1292	−2	+1	82	117
1978	06	23	MY	TH	3	3	JAT	ID	-6	1432	1298	−2	0	84	117
1978	07	12	MY	KR	1	3	MRD		-11	1421	1743	−3	+1	88	25
1978	07	14	MY	SG	6	0	MRD		7	1428	1147	+3	0	85	140
1978	07	16	MY	TH	2	0	MRD		9	1437	1285	+2	−1	83	117
1978	07	19	MY	ID	1	0	MRD		8	1445	1362	+2	−1	80	97
1978	07	21	MY	JP	4	1	MRD		19	1464	1428	+5	−6	75	85
1978	07	23	MY	SY	5	2	MRD		9	1473	1292	+3	−1	72	116
1978	07	26	MY	IQ	1	2	MRD		-14	1459	1616	−3	+3	75	44
1978	09	09	MY	BH	2	1	PRS	KR	4	1463	1125	0	0	76	145
1978	09	11	KR	MY	2	2	PRS		-13	1776	1476	0	+5	22	71
1978	12	10	MY	IN	1	0	ASG	TH	8	1484	1233	+2	−1	71	126
1978	12	12	MY	BD	1	0	ASG	TH	2	1486	1008	0	0	71	162
1978	12	17	TH	MY	2	1	ASG		23	1365	1463	+10	−6	96	77
1978	12	18	KR	MY	1	0	ASG	TH	5	1822	1458	0	−1	17	78
1978	12	19	CN	MY	7	1	ASG	TH	26	1626	1432	+4	−5	46	83
1979	05	02	MY	LK	3	1	SQ	TH	3	1435	913	+1	−2	82	171
1979	05	05	MY	ID	4	1	SQ	TH	21	1456	1261	+5	−3	77	121
1979	05	09	MY	KP	1	1	SQ	TH	12	1468	1674	+2	−3	75	36
1979	05	11	HK	MY	0	0	SQ	TH	6	1364	1462	+2	−1	101	76
1979	05	14	KP	MY	1	0	SQ	TH	9	1693	1453	+1	−2	32	77
1979	06	27	MY	JP	1	1	MRD		-5	1448	1442	−1	+1	79	82
1979	06	29	MY	BU	4	1	MRD		16	1464	1393	+5	−2	74	92
1979	07	01	MY	TH	4	2	MRD		10	1474	1327	+2	−2	72	109
1979	07	04	MY	ID	1	1	MRD		-11	1463	1251	−4	+3	76	121
1979	07	09	MY	SG	3	0	MRD		4	1467	1114	+2	−2	74	147
1979	09	23	MY	SG	2	0	SEG	ID	6	1473	1081	+5	0	76	152
1979	09	25	BU	MY	0	0	SEG	ID	4	1403	1469	0	−4	90	80
1979	09	26	ID	MY	0	0	SEG		8	1227	1461	+2	−1	126	81
1979	09	28	MY	TH	1	0	SEG	ID	14	1475	1336	+6	−2	75	105
1979	09	30	ID	MY	0	1	SEG		-13	1235	1488	−2	+4	124	71
1979	11	14	MY	SE	1	3	F		-12	1476	1675	−3	+2	76	34
1979	11	25	SG	MY	4	0	KNG	TH	50	1175	1426	+7	−11	139	87
1980	03	12	MY	SA	3	0	F		11	1437	1383	+3	−3	83	96
1980	03	16	MY	CN	3	1	F		18	1455	1599	+4	−2	79	49
1980	03	21	MY	ID	6	1	OQ		11	1466	1224	0	−3	79	128
1980	03	25	MY	KR	3	0	OQ		58	1524	1777	+13	−5	66	22
1980	03	27	MY	BN	3	1	OQ		1	1525	919	0	0	66	169
1980	03	30	MY	JP	1	1	OQ		-8	1517	1486	−2	+2	68	71
1980	04	02	MY	PH	8	0	OQ		2	1519	949	0	0	68	165
1980	04	06	MY	KR	2	1	OQ		29	1548	1750	+6	−2	62	23
1980	08	23	KR	MY	2	0	PRS		7	1757	1541	0	0	24	58
1980	08	25	BH	MY	1	1	PRS	KR	12	1198	1529	+1	−3	137	61
1980	08	29	TH	MY	4	1	PRS	KR	41	1358	1488	+7	−12	98	73
1980	08	31	ID	MY	1	1	PRS	KR	9	1238	1479	+3	0	124	73
1980	09	16	MY	KR	1	1	AC	KW	17	1496	1745	+4	−3	70	26
1980	09	18	KW	MY	3	1	AC		11	1711	1485	+1	−4	30	74
1980	09	20	MY	AE	2	0	AC	KW	6	1491	1044	0	−3	74	159
1980	09	23	MY	QA	1	1	AC	KW	-18	1473	1183	−4	+3	78	138
1980	09	29	SA	MY	3	0	ILG	TR	44	1427	1429	+7	−9	87	86
1980	09	30	LY	MY	1	0	ILG	TR	17	1493	1412	+3	−4	71	90
1980	10	02	NS	MY	2	1	ILG	TR	19	1449	1393	+4	−2	82	92
1980	10	05	TR	MY	3	0	ILG		9	1624	1384	+2	−2	44	94
1980	10	15	MY	MA	2	0	MRD		32	1416	1601	+6	−5	88	48
1980	10	18	MY	BU	3	2	MRD		9	1425	1355	+1	−1	87	98
1980	10	20	MY	TH	2	2	MRD		-7	1418	1367	−1	0	88	97
1980	10	23	MY	ID	1	1	MRD		-9	1409	1275	−2	+1	90	118
1980	10	25	MY	KR	1	1	MRD		9	1418	1748	+2	−1	88	26
1980	10	27	MY	KW	2	1	MRD		19	1437	1596	+4	−5	84	50
1980	10	30	MY	NZ	2	0	MRD		19	1456	1464	+4	−4	80	79
1980	11	02	MY	MA	1	2	MRD		-11	1445	1665	−2	+2	82	36
1981	02	08	MY	JP	1	0	F		8	1453	1471	+2	−1	81	75
1981	02	10	MY	JP	1	1	F		-2	1451	1473	−1	0	82	75
1981	04	05	SG	MY	1	1	OVC		3	1280	1448	+2	0	115	83
1981	04	17	MY	SG	1	2	OVC		-25	1423	1305	−5	+4	88	111
1981	04	21	KR	MY	2	1	WQ	KW	6	1721	1417	+1	−1	28	89
1981	04	25	KW	MY	4	0	WQ		12	1609	1405	+1	−1	46	89
1981	04	27	MY	TH	2	2	WQ	KW	0	1405	1401	0	0	89	91
1981	06	17	KR	MY	2	0	PRS		4	1704	1401	+1	−1	30	90
1981	06	19	JP	MY	2	0	PRS	KR	19	1477	1382	+1	−3	77	93
1981	08	30	MY	JP	0	2	MRD		-23	1359	1494	−7	+7	100	71
1981	09	04	MY	NZ	0	1	MRD		-11	1348	1566	−2	+2	102	54
1981	09	09	MY	ID	2	0	MRD		11	1359	1235	+2	−4	100	127
1981	09	12	MY	AE	0	1	MRD		-27	1332	1072	−3	+4	103	155
1981	09	15	MY	IN	2	2	MRD		-7	1325	1251	−1	0	104	123
1981	10	06	LI	MY	1	0	F		13	1136	1312	+3	0	144	104
1981	11	11	SG	MY	1	0	KNG	TH	17	1291	1295	+4	−7	113	111
1981	11	13	PK	MY	3	2	KNG	TH	18	1240	1277	+6	−6	124	117
1981	11	15	TH	MY	2	0	KNG		9	1432	1268	+2	−2	88	119
1981	12	06	MY	BU	1	0	SEG	PH	26	1294	1343	+8	−5	111	102
1981	12	08	MY	TH	2	2	SEG	PH	8	1302	1424	+1	−2	110	90
1981	12	13	MY	SG	1	1	SEG	PH	-2	1300	1268	0	0	110	119
1981	12	15	TH	MY	2	1	SEG	PH	13	1443	1287	+4	−4	85	114
1982	01	27	MY	BH	0	2	F		-24	1263	1183	−6	+2	120	140
1982	06	10	MY	TH	1	1	PRS	KR	5	1268	1385	+3	0	118	91
1982	08	00	MY	PK	4	1	PRG	BD	25	1293	1221	+6	−7	112	133
1982	08	05	MY	ID	0	2	MRD		-30	1263	1301	−9	+6	121	112
1982	08	07	MY	AE	1	0	MRD		7	1270	1153	+3	0	118	143
1982	08	10	MY	KR	1	2	MRD		-5	1265	1664	−2	+1	120	38
1982	08	13	MY	SN	1	0	MRD		23	1288	1538	+6	−6	114	62
1982	08	30	MY	KR	1	0	PRG	BD	27	1315	1620	+9	−4	104	43
1982	10	05	SG	MY	0	1	MRL		-18	1267	1333	−6	+1	120	103
1982	10	07	KR	MY	3	1	MRL	SG	7	1628	1326	+1	−2	41	104
1982	10	10	MY	BN	4	0	MRL	SG	5	1331	901	+2	0	102	173
1982	10	14	AU	MY	5	0	MRL	SG	11	1598	1320	+4	−2	47	104
1982	10	17	ID	MY	0	0	MRL	SG	2	1277	1318	0	0	116	104
1982	11	10	SG	MY	3	1	OVC		20	1284	1298	+9	−7	114	112
1982	11	20	CN	MY	1	0	ASG	IN	6	1611	1292	+1	−1	45	112
1982	11	22	IN	MY	1	0	ASG		18	1246	1274	+4	−6	127	118
1982	11	24	BD	MY	2	1	ASG	IN	35	951	1239	+3	−10	167	128
1983	05	28	SG	MY	2	1	SEG		12	1296	1227	+3	−3	112	131
1983	05	30	MY	PH	0	0	SEG	SG	-15	1212	895	−5	+3	135	174
1983	06	04	MY	TH	1	1	SEG	SG	7	1219	1338	+2	0	133	99
1983	06	05	MY	BN	5	0	SEG	SG	14	1233	930	+4	−2	129	170
1983	09	03	MY	SG	0	0	OVC		-2	1231	1284	−1	0	129	119
1983	09	10	SG	MY	0	1	OVC		-21	1263	1252	−3	+4	123	125
1983	09	19	MY	NP	7	0	MRD		5	1257	902	+1	0	124	173
1983	09	28	MY	BD	1	0	MRD		3	1260	985	0	0	124	165
1983	10	10	MY	SA	3	1	OQ		37	1297	1409	+9	−3	115	88
1983	10	16	ID	MY	1	1	OQ	SG	5	1222	1292	+3	−2	132	116
1983	10	20	SG	MY	0	2	OQ		-35	1212	1327	−8	+14	134	102
1983	10	22	IN	MY	3	3	OQ	SG	4	1256	1323	0	−4	125	106
1983	10	25	MY	IN	2	0	OQ		17	1340	1239	+7	−2	99	127
1983	10	28	MY	ID	2	0	OQ		11	1351	1163	+2	−1	97	143
1983	11	01	MY	SG	1	0	OQ		8	1359	1195	+2	−3	95	140
1983	11	11	SA	MY	2	0	OQ		15	1468	1344	+5	−3	76	98
1984	03	31	NZ	MY	2	0	F		3	1628	1341	0	0	41	99
1984	04	03	NZ	MY	6	1	F		4	1632	1337	+1	−1	40	100
1984	04	08	NZ	MY	0	0	F		-8	1624	1345	−1	+1	41	99
1984	04	16	QA	MY	2	0	OQ	SG	24	1436	1321	+1	−6	88	105
1984	04	18	MY	JP	2	1	OQ	SG	27	1348	1419	+7	−4	98	89
1984	04	23	MY	TH	0	0	OQ	SG	5	1353	1426	+3	−1	95	88
1984	04	26	IQ	MY	2	0	OQ	SG	10	1644	1343	+1	−4	37	99
1984	08	12	MY	SG	1	0	OVC		7	1350	1229	+3	−1	96	130
1984	08	18	SG	MY	1	1	OVC		1	1230	1349	+1	−2	129	98
1984	08	24	MY	TH	1	0	MRD		11	1360	1349	+5	−5	93	98
1984	08	26	MY	ID	2	2	MRD		-10	1350	1183	−2	+2	95	141
1984	08	29	MY	LR	3	1	MRD		13	1363	1284	+2	−5	93	120
1984	09	04	MY	PG	5	1	MRD		10	1373	1179	+1	−2	92	143
1984	10	11	MY	PK	5	0	SQ	IN	24	1397	1197	+1	−7	91	140
1984	10	14	IN	MY	2	1	SQ		24	1251	1373	+5	−1	125	92
1984	10	16	MY	KR	0	0	SQ	IN	12	1385	1608	+1	−3	91	44
1984	10	18	MY	NY	4	1	SQ	IN	3	1388	831	0	0	91	181
1985	02	28	AE	MY	1	1	F		-1	1325	1389	0	0	104	92
1985	03	02	AE	MY	0	2	F		-17	1308	1406	−5	+2	109	90
1985	03	10	MY	KR	1	0	WQ		22	1428	1513	+4	−3	85	66
1985	03	16	NP	MY	0	0	WQ		18	828	1410	0	−3	182	88
1985	03	31	MY	NP	5	0	WQ		2	1412	826	0	−1	89	182
1985	05	19	KR	MY	2	0	WQ		14	1528	1398	+2	−1	64	88
1985	06	03	BH	MY	3	1	PRS	KR	27	1358	1371	+7	−4	97	92
1985	09	29	MY	SG	1	1	F		-6	1365	1226	−2	+3	97	129
1985	10	06	SG	MY	2	1	F		11	1237	1354	+2	−1	127	98
1985	10	13	MY	BN	4	0	MRL	SG	4	1358	900	+1	0	97	174
1985	10	20	SG	MY	2	0	MRL		24	1263	1334	+5	−4	122	101
1985	10	23	SG	MY	4	0	MRL		26	1289	1308	+9	−8	113	109
1985	12	08	TH	MY	1	1	SEG		-1	1222	1309	0	0	130	109
1985	12	10	MY	PH	6	0	SEG	TH	6	1315	839	+2	0	106	182
1985	12	14	MY	SG	2	2	SEG	TH	0	1315	1310	0	0	106	109
1985	12	16	MY	ID	1	0	SEG	TH	10	1325	1120	+1	−1	105	151
1986	07	24	MY	IN	3	0	MRD		12	1337	1205	+4	−2	101	135
1986	07	26	MY	TH	2	0	MRD		13	1350	1264	+5	−5	96	120
1986	08	01	MY	JP	2	1	MRD		17	1367	1481	+1	−3	95	76
1986	08	23	MY	DZ	2	2	F		4	1371	1609	+1	0	94	45
1986	09	21	SA	MY	3	1	ASG	KR	16	1566	1355	+5	−3	58	97
1986	09	23	MY	QA	1	1	ASG	KR	7	1362	1466	+1	−1	96	78
1986	09	27	ID	MY	1	0	ASG	KR	30	1195	1332	+7	−6	137	102
1987	03	14	MY	TH	0	1	OQ		-30	1302	1260	−4	+2	107	124
1987	03	18	MY	TH	2	2	OQ		-8	1294	1268	0	+1	107	123
1987	09	10	MY	SG	0	0	SEG	ID	-6	1288	1189	−3	+1	111	138
1987	09	12	BU	MY	2	2	SEG	ID	-1	1311	1289	−1	0	105	111
1987	09	16	MY	TH	2	0	SEG	ID	30	1319	1255	+7	−7	104	123
1987	09	20	ID	MY	1	0	SEG		20	1239	1299	+8	−2	125	106
1987	11	06	OM	MY	1	0	F		14	1049	1285	+2	−8	160	113
1987	11	08	OM	MY	2	2	F		4	1053	1281	0	−4	160	117
1987	11	16	QA	MY	2	2	F		-6	1431	1287	−3	+6	84	111
1987	11	18	QA	MY	1	0	F		4	1435	1283	+3	−5	81	116
1987	12	17	MY	KR	0	1	MRD		-5	1278	1648	−2	0	116	41
1988	04	07	MY	PK	4	0	SQ		10	1288	1033	+4	−3	111	163
1988	04	11	MY	JP	0	1	SQ		-17	1271	1466	−6	+2	117	78
1988	04	14	MY	JO	0	0	SQ		-8	1263	1231	−3	+3	120	129
1988	04	18	MY	KW	0	5	SQ		-22	1241	1551	−7	+4	126	61
1988	11	00	SA	MY	6	0	F		7	1444	1234	+1	−4	80	127
1988	11	27	SG	MY	2	3	F		-12	1178	1246	−1	+2	142	123
1988	12	08	MY	ID	0	0	MRD		-5	1241	1236	0	+2	122	125
1988	12	10	MY	TH	0	0	MRD		-5	1236	1235	−2	+1	124	126
1989	01	28	TH	MY	1	0	KNG		11	1246	1225	+4	−5	122	129
1989	02	03	MY	ID	3	1	KNG	TH	22	1247	1196	+5	−6	123	139
1989	03	27	QA	MY	1	0	F		3	1485	1244	+2	0	69	122
1989	05	23	MY	NP	2	0	WQ	KR	8	1252	913	+1	0	118	178
1989	05	25	MY	SG	1	0	WQ	KR	16	1268	1163	+1	−2	117	144
1989	05	27	KR	MY	3	0	WQ		3	1731	1265	0	0	28	117
1989	06	03	SG	MY	2	2	WQ		-1	1175	1266	0	−1	142	118
1989	06	05	KR	MY	3	0	WQ	SG	4	1736	1262	0	−1	27	119
1989	06	07	MY	NP	3	0	WQ	SG	7	1269	882	+2	0	117	181
1989	08	21	MY	PH	3	0	SEG		3	1272	817	+2	0	114	186
1989	08	23	MY	BN	2	1	SEG		2	1274	887	0	0	114	180
1989	08	25	MY	ID	2	0	SEG		20	1294	1233	+3	−7	111	128
1989	08	28	MY	TH	1	0	SEG		11	1305	1220	+1	−3	110	133
1989	08	31	MY	SG	3	1	SEG		18	1323	1244	+3	−4	107	123
1990	09	08	MY	YE	0	1	F		-16	1307	1186	−2	+4	111	141
1990	09	13	SG	MY	3	0	F		17	1235	1290	+3	−4	131	115
1990	09	24	IR	MY	3	0	ASG	CN	12	1579	1278	+3	−4	51	119
1990	09	26	MY	KP	0	0	ASG	CN	11	1289	1491	+3	0	116	67
1991	02	06	MY	ID	1	2	MRD		-21	1268	1253	−3	+4	121	127
1991	06	12	MY	EN	2	4	F		-1	1267	2003	0	0	124	2
1991	11	07	MY	MM	0	1	F		-15	1252	1174	−4	+2	132	154
1991	11	09	MY	MM	2	1	F		5	1257	1169	+1	−1	131	155
1991	11	26	ID	MY	2	0	SEG	PH	34	1250	1223	+7	−8	136	140
1991	11	28	PH	MY	1	0	SEG		34	851	1189	+1	−6	194	146
1991	11	30	MY	VN	2	1	SEG	PH	19	1208	1159	+3	−4	143	155
1992	04	19	SG	MY	1	1	SQ		-9	1268	1217	−4	0	132	145
1992	04	23	CN	MY	4	0	SQ	SG	13	1500	1204	+5	0	71	145
1992	04	25	ID	MY	1	1	SQ	SG	-5	1283	1209	−2	0	128	145
1992	08	08	ID	MY	1	1	IPC		-7	1276	1216	0	0	134	150
1992	08	11	MY	AU	1	0	IPC	ID	29	1245	1704	+7	−3	143	32
1992	12	02	MY	UZ	1	1	F		7	1252	1644	+3	−2	138	43
1992	12	08	SG	MY	3	0	MRL		20	1261	1232	+4	−5	138	143
1993	02	05	MY	SG	2	1	MRD		12	1244	1249	+1	−3	142	140
1993	02	07	MY	TH	1	1	MRD		1	1245	1362	0	0	142	112
1993	02	14	MY	KR	3	1	MRD		39	1284	1647	+9	−9	133	41
1993	04	02	MY	AE	0	1	F		-6	1278	1520	0	0	133	73
1993	04	09	OM	MY	1	0	F		13	1075	1265	+2	−4	179	137
1993	05	01	MY	KW	1	1	WQ		7	1272	1482	+4	0	134	83
1993	05	03	MY	SA	1	1	WQ		12	1284	1607	+1	−4	133	54
1993	05	05	MY	MO	9	0	WQ		12	1296	1027	+2	0	131	183
1993	05	14	KW	MY	2	0	WQ	SA	14	1510	1282	+3	−3	76	134
1993	05	16	SA	MY	3	0	WQ		6	1609	1276	+2	−1	52	135
1993	05	18	MY	MO	5	0	WQ	SA	15	1291	1005	+4	−2	131	186
1993	06	09	MY	BN	3	1	SEG	SG	5	1296	877	0	0	130	198
1993	06	11	MY	LA	9	0	SEG	SG	11	1307	922	+3	0	127	194
1993	06	13	MM	MY	2	1	SEG	SG	28	1187	1279	+4	−7	157	134
1993	06	15	TH	MY	2	0	SEG	SG	22	1390	1257	+7	−5	105	139
1994	09	22	MY	KW	0	2	F		-9	1248	1514	−2	+2	142	76
1994	10	01	MY	HK	4	3	ASG	JP	17	1265	1182	+4	−5	139	159
1994	10	03	UZ	MY	5	0	ASG	JP	6	1703	1259	0	−1	30	140
1994	10	07	SA	MY	2	1	ASG	JP	4	1666	1255	+1	0	37	140
1994	10	09	MY	TH	1	1	ASG	JP	5	1260	1346	+1	−1	139	120
1995	07	21	MY	IQ	1	2	MRD		-5	1255	1655	−2	0	141	38
1995	12	04	VN	MY	2	0	SEG	TH	42	1147	1213	+4	−7	165	150
1995	12	06	TH	MY	0	0	SEG		-12	1355	1225	0	+2	115	148
1995	12	08	ID	MY	3	0	SEG	TH	33	1280	1192	+5	−5	138	153
1995	12	10	MY	KH	9	0	SEG	TH	48	1240	1128	+9	−6	144	168
1996	03	02	MY	ID	0	0	SQ		-5	1235	1253	0	+1	144	142
1996	03	06	MY	IN	5	2	SQ		13	1248	1063	0	−4	144	180
1996	09	02	SG	MY	1	1	SEA		-9	1314	1257	−2	+2	126	139
1996	09	04	MY	PH	7	0	SEA	SG	5	1262	775	0	0	139	206
1996	09	08	MY	TH	1	1	SEA	SG	10	1272	1453	+1	−2	138	92
1996	09	10	MY	BN	6	0	SEA	SG	6	1278	825	+1	0	137	203
1996	09	13	MY	ID	3	1	SEA	SG	34	1312	1289	+11	−11	126	135
1996	09	15	TH	MY	1	0	SEA	SG	11	1495	1301	0	−3	80	129
1997	02	04	AE	MY	1	1	F		-8	1612	1309	−1	+1	51	128
1997	02	21	MY	FI	2	1	DNH		18	1327	1454	+3	−3	125	87
1997	02	23	MY	SG	0	0	DNH		-6	1321	1298	−1	+2	126	131
1997	02	25	MY	CN	0	2	DNH		-13	1308	1593	−2	0	128	58
1997	02	28	MY	BA	0	1	DNH		-7	1301	1620	−1	+1	129	50
1997	03	16	MY	BD	2	0	WQ		7	1308	1028	+1	−1	128	184
1997	03	18	MY	SA	0	0	WQ		11	1319	1617	+1	−2	127	52
1997	03	20	MY	TW	2	0	WQ		6	1325	1043	+1	−2	126	182
1997	03	27	MY	TW	0	0	WQ	SA	-13	1312	1056	−2	+2	128	180
1997	03	29	SA	MY	3	0	WQ		6	1626	1306	+1	0	51	128
1997	03	31	MY	BD	1	0	WQ	SA	6	1312	1012	0	−1	128	187
1997	10	05	MY	VN	1	0	SEG	ID	12	1324	1145	+3	−1	126	164
1997	10	07	MY	PH	4	0	SEG	ID	2	1326	734	+1	0	125	209
1997	10	09	ID	MY	4	0	SEG		30	1323	1296	+7	−8	126	133
1997	10	14	LA	MY	1	0	SEG	ID	35	1006	1261	+5	−5	188	138
1998	06	30	MY	CN	1	1	F		7	1268	1672	0	−2	136	43
1998	08	26	SG	MY	2	0	SEA	VN	32	1282	1236	+4	−5	134	141
1998	08	28	LA	MY	0	0	SEA	VN	12	999	1224	+2	−6	189	147
1998	08	30	VN	MY	1	0	SEA		16	1218	1208	+5	−3	148	150
1999	07	01	MY	NZ	2	1	F		16	1224	1519	+1	−1	151	74
1999	07	03	MY	NZ	1	5	F		-9	1215	1528	−1	0	152	74
1999	07	11	UZ	MY	3	0	F		3	1543	1212	0	0	69	152
1999	07	18	MM	MY	1	2	F		-10	1119	1222	−2	+1	167	151
1999	07	20	MM	MY	1	1	F		0	1119	1222	0	0	167	151
1999	07	31	SG	MY	2	1	SEG	BN	15	1319	1207	+4	0	127	151
1999	08	02	ID	MY	6	0	SEG	BN	28	1360	1179	+5	−8	116	159
1999	08	04	MY	KH	7	2	SEG	BN	20	1199	964	+4	−1	155	192
1999	08	06	BN	MY	0	2	SEG		-8	768	1207	−1	+4	207	151
1999	12	28	MY	SG	1	0	F	AE	13	1220	1299	+1	−2	150	132
2000	02	07	SG	MY	3	1	F		8	1307	1212	+2	−1	129	151
2000	02	15	MY	MV	2	0	F		2	1214	874	0	0	151	198
2000	02	17	MY	MV	3	0	F		3	1217	871	0	−1	151	199
2000	03	25	MY	TW	3	0	SQ		11	1228	1019	+1	−1	149	186
2000	03	27	MY	KP	1	1	SQ		7	1235	1443	0	−1	149	92
2000	03	29	MY	TH	3	2	SQ		29	1264	1468	+7	−9	142	86
2000	04	04	TW	MY	3	2	SQ	TH	32	1042	1232	+2	−7	185	149
2000	04	06	KP	MY	4	1	SQ	TH	17	1445	1215	+4	−1	93	150
2000	04	08	TH	MY	3	2	SQ		4	1494	1211	0	−2	77	152
2000	08	06	MY	MM	6	0	F		11	1222	1112	+2	−1	149	171
2000	08	09	MY	MM	1	2	F		-15	1207	1127	−2	+1	151	170
2000	08	13	MY	NZ	0	0	MRD		8	1215	1522	+1	−2	150	73
2000	08	15	MY	OM	2	0	MRD		23	1238	1300	+5	−2	145	127
2000	08	19	MY	NZ	0	2	MRD		-11	1227	1540	−2	+2	147	69
2000	10	14	MY	KH	2	0	F		3	1230	918	0	0	147	196
2000	10	17	MY	KH	1	1	F		-8	1222	926	−2	+1	149	195
2000	10	23	MY	LK	2	0	F		2	1224	893	0	0	149	198
2000	10	25	MY	LK	3	1	F		2	1226	891	+1	0	148	198
2000	11	05	MY	VN	0	0	SEA	TH	3	1229	1269	+1	−1	147	139
2000	11	07	MY	LA	5	0	SEA	TH	14	1243	951	+3	0	144	192
2000	11	09	MY	KH	3	2	SEA	TH	5	1248	907	+1	0	143	197
2000	11	13	MY	SG	1	0	SEA	TH	22	1270	1262	+4	−5	139	141
2000	11	16	TH	MY	2	0	SEA		7	1522	1263	+1	−1	72	140
2000	11	18	MY	VN	3	0	SEA	TH	38	1301	1252	+11	−7	129	142
2001	02	05	FJ	MY	4	1	F		8	1432	1293	+1	−3	94	131
2001	02	07	FJ	MY	2	0	F		6	1438	1287	+3	−3	91	135
2001	02	09	FJ	MY	1	2	F		-16	1422	1303	−5	+6	96	129
2001	03	04	QA	MY	5	1	WQ	HK	15	1552	1288	+4	−5	65	134
2001	03	08	HK	MY	0	2	WQ		-32	1175	1320	−7	+8	161	126
2001	03	11	PS	MY	1	0	WQ	HK	24	1278	1296	+6	−8	137	132
2001	03	20	QA	MY	0	0	WQ		-16	1552	1312	−2	+6	65	127
2001	03	23	HK	MY	2	1	WQ	QA	29	1180	1283	+4	−9	160	136
2001	03	25	MY	PS	4	3	WQ	QA	20	1303	1268	+7	−4	129	139
2001	06	21	MY	BH	2	4	MRD		-24	1279	1410	−7	+7	138	105
2001	06	25	MY	BA	2	2	MRD		7	1286	1560	+4	0	134	64
2001	07	19	MY	SA	0	4	F		-5	1281	1703	−4	+1	137	38
2002	05	17	MM	MY	1	1	F		2	1104	1279	+1	−2	173	139
2002	05	19	MM	MY	0	0	F		2	1106	1277	+1	0	172	140
2002	05	25	MY	BR	0	4	F		-2	1275	1867	0	0	140	12
2002	07	16	MY	SG	1	2	F		-14	1261	1229	−6	+2	144	151
2002	11	29	JO	MY	1	0	IND	AE	7	1462	1254	+3	−2	89	142
2002	12	11	MY	KH	5	0	F		3	1257	881	+2	0	140	199
2002	12	18	SG	MY	0	4	SEA		-44	1178	1301	−3	+11	156	131
2002	12	20	MY	TH	3	1	SEA	SG	42	1343	1402	+4	−10	127	105
2002	12	22	LA	MY	1	1	SEA	SG	17	900	1326	+2	−2	196	128
2002	12	27	ID	MY	1	0	SEA		14	1351	1312	+3	−2	124	130
2002	12	29	VN	MY	2	1	SEA	ID	23	1290	1289	+8	−4	132	134
2003	09	26	MY	ID	1	1	F		-1	1288	1350	0	0	133	121
2003	10	08	MY	MM	4	0	SQ		15	1303	1138	+2	−2	130	166
2003	10	10	MY	IQ	0	0	SQ		12	1315	1626	+1	−2	129	54
2003	10	12	MY	BH	2	2	SQ		4	1319	1478	+1	+1	128	84
2003	10	20	IQ	MY	5	1	SQ	BH	11	1641	1308	+2	−3	51	131
2003	10	22	BH	MY	3	1	SQ		10	1493	1298	+2	−1	82	132
2003	10	24	MM	MY	2	1	SQ	BH	30	1148	1268	+1	−7	166	139
2004	02	07	JP	MY	4	0	F		1	1777	1267	0	0	24	137
2004	02	18	MY	HK	1	3	WQ		-45	1222	1227	−13	+7	151	150
2004	03	17	MY	ID	0	0	F		0	1222	1337	0	0	151	126
2004	03	31	MY	KW	0	2	WQ		-19	1203	1471	−3	+7	154	85
2004	06	09	CN	MY	4	0	WQ		4	1616	1199	−1	0	57	154
2004	07	12	MY	SG	2	0	F		9	1208	1153	+1	−1	154	164
2004	08	19	TH	MY	1	2	F		-16	1348	1224	−5	+5	121	149
2004	09	08	MY	CN	0	1	WQ		-6	1218	1629	−2	+2	151	54
2004	10	13	HK	MY	2	0	WQ		24	1216	1194	+3	−4	152	155
2004	11	01	SG	MY	1	2	F		-12	1166	1206	−1	+1	161	154
2004	11	17	KW	MY	6	1	WQ		8	1508	1198	+2	−3	80	157
2004	12	08	MY	TL	5	0	SEA		2	1200	685	+2	0	154	217
2004	12	10	MY	PH	4	1	SEA		2	1202	680	0	0	154	219
2004	12	12	MY	MM	0	1	SEA		-29	1173	1159	−9	+4	163	165
2004	12	14	MY	TH	2	1	SEA		24	1197	1318	+9	−5	155	126
2004	12	28	ID	MY	1	2	SEA		-33	1324	1230	−10	+7	126	149
2005	01	03	MY	ID	1	4	SEA		-36	1194	1360	−7	+12	157	114
2005	01	15	MY	MM	2	1	SEA	SG	16	1210	1113	+4	−2	153	171
2005	04	13	MY	PK	2	0	ILG	SA	7	1217	848	+3	−1	150	202
2005	06	04	SG	MY	2	0	CWY		11	1316	1206	+4	−4	126	154
2005	06	08	MY	SG	1	2	F		-10	1196	1326	−2	+1	156	124
2006	02	19	NZ	MY	1	0	F		2	1516	1194	0	−2	76	158
2006	02	23	NZ	MY	2	1	F		2	1518	1192	0	−1	76	158
2006	05	31	SG	MY	0	0	TGC		-9	1338	1201	−3	+1	118	157
2006	06	03	MY	SG	0	0	TGC		2	1203	1336	−1	−3	158	121
2006	08	23	MY	ID	1	1	MRD		0	1203	1296	0	0	155	132
2006	08	27	MY	MM	1	2	MRD		-22	1181	1142	−7	+2	163	168
2007	01	12	MY	PH	4	0	SEA	TH	6	1187	761	+6	0	158	211
2007	01	14	MY	MM	0	0	SEA	TH	-1	1186	1178	0	0	158	167
2007	01	16	TH	MY	1	0	SEA		7	1350	1179	+1	−7	118	165
2007	01	23	MY	SG	1	1	SEA		0	1179	1282	0	0	165	134
2007	01	27	SG	MY	1	1	SEA		-11	1271	1190	−4	+7	138	158
2007	03	24	LK	MY	1	4	F		-11	940	1201	−1	+2	192	155
2007	03	26	LK	MY	2	1	F		14	954	1187	+1	−2	191	158
2007	06	18	MY	KH	6	0	F		3	1190	811	0	0	159	205
2007	06	21	MY	AE	1	3	F		-6	1184	1528	0	+2	159	76
2007	06	28	MY	JM	0	2	F		-5	1179	1551	−3	+1	162	69
2007	07	10	MY	CN	1	5	AC		-14	1165	1600	−5	+3	167	58
2007	07	14	MY	UZ	0	5	AC		-17	1148	1555	−3	+5	170	69
2007	07	18	MY	IR	0	2	AC		-3	1145	1798	0	0	170	20
2007	10	21	BH	MY	4	1	WQ		6	1460	1139	+2	0	92	169
2007	10	28	MY	BH	0	0	WQ		11	1150	1449	0	−3	169	95
2008	06	06	ID	MY	1	1	F		-6	1276	1156	−2	+4	137	166
2008	07	22	IN	MY	1	1	F		-3	1148	1159	0	+1	169	166
2008	10	10	MY	PK	4	1	F		3	1162	859	+1	0	165	203
2008	10	15	MY	NP	4	0	MRD		8	1170	938	+3	0	163	191
2008	10	20	MY	AF	6	0	MRD		4	1174	812	0	0	163	207
2008	10	23	MY	MM	4	0	MRD		21	1195	1159	+7	−6	156	167
2008	11	18	MM	MY	4	1	GCH		21	1186	1174	+6	−5	159	162
2008	11	29	MY	SG	2	2	F		2	1176	1351	0	−1	162	121
2008	12	06	MY	LA	3	0	SEA	TH	12	1188	884	+5	−2	157	201
2008	12	08	VN	MY	3	2	SEA	TH	17	1260	1171	+2	−4	141	161
2008	12	10	TH	MY	3	0	SEA		8	1437	1163	+2	−4	98	165
2009	01	21	MY	AE	0	5	SQ		-23	1140	1443	−4	+5	169	98
2009	08	12	MY	KE	0	0	F		5	1145	1409	+2	0	167	106
2009	08	15	MY	CN	0	0	F		7	1152	1528	+2	−5	165	82
2009	08	30	SA	MY	2	1	F		1	1673	1151	0	0	46	165
2009	09	05	JO	MY	0	0	F		-8	1477	1159	−2	0	88	165
2009	09	11	MY	LS	5	0	F		14	1173	1129	+2	−2	163	171
2009	11	14	UZ	MY	3	1	SQ		4	1535	1169	+2	−1	78	163
2009	11	18	MY	UZ	1	3	SQ		-11	1158	1546	−3	+2	166	76
2009	11	26	MY	MV	0	1	F		-15	1143	1096	−2	+1	168	177
2009	12	30	MY	SY	4	1	F		30	1173	1544	+7	−9	162	77
2010	01	06	AE	MY	1	0	SQ		5	1401	1168	+2	−1	110	163
2010	02	27	MY	YE	1	0	F		10	1178	1275	+3	−2	158	136
2010	09	03	OM	MY	3	0	F	QA	3	1590	1175	+3	−2	61	160
2010	12	01	ID	MY	5	1	SEA		19	1285	1156	+5	−6	136	166
2010	12	04	MY	TH	0	0	SEA	ID	13	1169	1424	+2	−3	163	108
2010	12	07	MY	LA	5	1	SEA	ID	12	1181	867	+4	0	159	202
2010	12	15	MY	VN	2	0	SEA		30	1211	1252	+7	−5	152	143
2010	12	18	VN	MY	0	0	SEA		-8	1244	1219	0	+1	143	151
2010	12	26	MY	ID	3	0	SEA		35	1254	1283	+8	−11	143	137
2010	12	29	ID	MY	2	1	SEA		13	1296	1241	+4	−1	133	144
2011	02	09	MY	HK	2	0	F		10	1251	1209	0	−2	144	154
2011	06	03	HK	MY	1	1	F		-2	1207	1253	−2	0	155	142
2011	06	18	MY	MM	2	0	F		4	1257	1031	+1	0	139	183
2011	06	29	MY	TW	2	1	WQ		3	1260	887	0	0	139	201
2011	07	03	TW	MY	3	2	WQ		33	920	1227	+8	−11	194	150
2011	07	23	SG	MY	5	3	WQ		14	1340	1213	+3	−2	123	153
2011	07	28	MY	SG	1	1	WQ		2	1215	1338	0	0	153	123
2011	10	07	AU	MY	5	0	F		1	1838	1214	−1	+1	15	150
2011	11	13	IN	MY	1	1	F		-2	1189	1216	−1	0	157	150
2011	11	16	IN	MY	3	2	F		8	1197	1208	+2	−2	156	152
2012	02	29	PH	MY	1	1	F		2	1040	1206	0	0	182	153
2012	04	28	MY	LK	6	0	F		3	1209	865	0	0	153	204
2012	06	01	MY	PH	0	0	F		-5	1204	1134	−2	+2	156	170
2012	06	08	SG	MY	2	2	CSW		-6	1250	1210	−1	+1	147	155
2012	06	12	MY	SG	2	0	CSW		19	1229	1231	+3	−5	151	150
2012	09	11	MY	VN	0	2	F		-17	1212	1308	−5	+4	155	134
2012	09	20	MY	KH	3	0	F		2	1214	785	0	0	155	210
2012	10	16	HK	MY	0	3	F		-21	1172	1235	−1	+9	159	146
2012	11	03	VN	MY	1	0	F		6	1296	1229	+3	−1	137	148
2012	11	07	TH	MY	2	0	F		6	1381	1223	+3	−3	113	151
2012	11	14	MY	HK	1	1	F		-4	1219	1176	0	0	151	161
2012	11	20	MY	BD	1	1	F		-8	1211	958	−3	0	153	194
2012	11	25	MY	SG	0	3	SEA		-44	1167	1262	−9	+8	162	143
2012	11	28	MY	LA	4	1	SEA		6	1173	861	+1	−1	162	207
2012	12	01	MY	ID	2	0	SEA		30	1203	1238	+7	−7	155	149
2012	12	09	MY	TH	1	1	SEA		6	1209	1399	+1	−2	154	109
2012	12	13	TH	MY	2	0	SEA		10	1409	1199	+3	−1	107	155
2013	02	01	IQ	MY	3	0	F	AE	3	1610	1196	0	−2	55	157
2013	02	06	QA	MY	2	0	SQ		7	1467	1189	+3	−2	93	159
2013	03	17	MY	SA	1	4	F		-8	1181	1495	−2	+3	161	88
2013	03	22	MY	YE	2	1	SQ		16	1197	1202	+4	−4	157	155
2013	03	26	MY	PS	0	2	F		-14	1183	1325	−3	+5	161	128
2013	09	10	CN	MY	2	0	F		1	1612	1182	−1	0	57	163
2013	10	09	AE	MY	3	1	F	CN	2	1631	1180	0	−1	54	164
2013	10	15	MY	BH	1	1	SQ		9	1189	1443	+3	−3	161	101
2013	11	08	KW	MY	3	0	F		2	1579	1187	0	−2	65	163
2013	11	15	BH	MY	1	0	SQ		4	1453	1183	0	+1	99	162
2013	11	19	MY	QA	0	1	SQ		-11	1172	1467	−1	+2	163	94
2014	03	01	MY	PH	0	0	F		-2	1170	1200	0	−1	163	157
2014	03	05	MY	YE	2	1	SQ	AE	20	1190	1150	+3	−5	160	168
2014	04	27	PH	MY	0	0	F		-3	1199	1193	−1	0	158	161
2014	08	08	TJ	MY	4	1	F		10	1274	1183	+2	−2	139	162
2014	09	14	ID	MY	2	0	F		9	1242	1174	+4	−1	144	162
2014	09	20	MY	KH	4	1	F		1	1175	676	0	−1	162	222
2014	11	12	MY	SY	0	3	F		-9	1166	1470	−4	+1	168	96
2014	11	16	VN	MY	3	1	F		8	1243	1158	+1	−2	143	169
2014	11	23	MY	MM	0	0	SEA	SG	-4	1154	1089	−1	0	169	179
2014	11	26	TH	MY	3	2	SEA	SG	10	1355	1144	+4	−1	118	170
2014	11	29	SG	MY	1	3	SEA		-44	1173	1188	−8	+7	164	163
2014	12	07	MY	VN	1	2	SEA		-21	1167	1286	−4	+8	167	134
2014	12	11	VN	MY	2	4	SEA		-47	1239	1214	−9	+11	143	156
2014	12	17	TH	MY	2	0	SEA		11	1390	1203	+1	−1	112	157
2014	12	20	MY	TH	3	2	SEA		25	1228	1365	+6	−5	151	117
2015	03	26	OM	MY	6	0	F		4	1526	1224	+1	−3	73	154
2015	06	06	MY	HK	0	0	F		-4	1220	1160	−4	0	156	169
2015	06	11	MY	TL	1	1	WQS		-19	1201	725	−6	+2	160	216
2015	06	16	MY	PS	0	6	WQS		-45	1156	1328	−9	+6	171	128
2015	08	29	MY	BD	0	0	F		-7	1149	947	0	+1	171	196
2015	09	03	AE	MY	10	0	WQS		3	1655	1146	0	0	49	171
2015	09	08	MY	SA	1	2	WQS		-8	1138	1498	−2	+2	173	85
2015	10	08	MY	LA	3	1	F	TH	5	1143	832	+1	0	172	208
2015	10	13	TL	MY	0	1	WQS		-6	736	1149	0	0	215	172
2015	11	12	PS	MY	6	0	WQS	JO	22	1357	1127	+8	−1	118	173
2015	11	17	MY	AE	1	2	WQS		-4	1123	1627	0	+3	173	50
2016	03	24	SA	MY	2	0	WQS		3	1516	1120	0	0	81	176
2016	03	29	MY	MO	0	0	F		-9	1111	623	0	0	177	229
2016	05	28	MM	MY	0	0	F		-1	1048	1112	0	0	186	177
2016	06	02	MY	TL	3	0	SQ		4	1116	718	0	0	177	218
2016	06	06	MY	TL	3	0	SQ		4	1120	714	0	0	176	218
2016	06	17	PG	MY	2	0	F		11	1136	1109	+1	−3	173	179
2016	06	22	NC	MY	1	2	F		-17	1296	1126	−5	+4	132	175
2016	06	26	FJ	MY	1	1	F		-5	1234	1131	−2	0	149	175
2016	09	06	ID	MY	3	0	F		9	1220	1122	+4	0	157	175
2016	10	07	SG	MY	0	0	CSW		-5	1134	1127	−1	+1	172	174
2016	10	11	MY	AF	1	1	F		-2	1125	1150	+1	0	173	170
2016	11	14	MY	PG	2	1	F		7	1132	1128	+2	−3	172	174
2016	11	20	MY	KH	3	2	SEA	MM	6	1138	818	+2	0	171	208
2016	11	23	VN	MY	1	0	SEA	MM	11	1313	1127	+5	−4	127	175
2016	11	26	MM	MY	1	0	SEA		18	1076	1109	+1	−3	184	177
2017	03	22	PH	MY	0	0	F		-6	1221	1115	−1	+2	155	175
2017	06	13	MY	LB	1	2	SQ		-11	1104	1393	−1	+4	175	108
2017	08	22	MY	SY	1	2	F		-2	1102	1573	0	+1	174	67
2017	08	29	MM	MY	1	0	F		8	1085	1094	+1	−2	180	176
2017	09	05	MY	HK	1	1	SQ		1	1095	1202	0	0	176	164
2017	10	10	HK	MY	2	0	SQ		14	1218	1081	+6	−2	158	178
2017	11	10	KP	MY	4	1	SQ	TH	8	1448	1073	+1	−3	96	182
2017	11	13	KP	MY	4	1	SQ	TH	7	1455	1066	0	−2	96	184
2018	03	22	MY	MN	2	2	F		-9	1057	664	0	0	183	226
2018	03	27	LB	MY	2	1	SQ		2	1458	1055	+1	+1	91	183
2018	04	01	MY	BT	7	0	F		2	1057	588	0	0	183	232
2018	07	05	MY	FJ	1	0	F		12	1069	1230	0	−5	183	155
2018	09	07	TW	MY	2	0	F		15	993	1054	+1	−2	192	185
2018	09	10	KH	MY	1	3	F		-10	811	1064	0	0	207	184
2018	10	12	LK	MY	1	4	F		-7	712	1071	0	+5	217	179
2018	10	16	MY	KG	0	1	F		-8	1063	1266	−2	+2	182	145
2018	11	03	MY	MV	3	0	F		10	1073	982	+3	0	179	193
2018	11	08	KH	MY	0	1	SEA		-11	788	1084	−2	+1	209	178
2018	11	12	MY	LA	3	1	SEA		4	1088	723	0	0	179	215
2018	11	16	VN	MY	2	0	SEA		9	1302	1079	+3	−1	132	179
2018	11	24	MY	MM	3	0	SEA		26	1105	1060	+6	−8	175	186
2018	12	01	MY	TH	0	0	SEA		11	1116	1400	0	−3	175	106
2018	12	05	TH	MY	2	2	SEA		-16	1384	1132	−4	0	110	175
2018	12	11	MY	VN	2	2	SEA		5	1137	1322	+3	−1	172	128
2018	12	15	VN	MY	1	0	SEA		6	1328	1131	+1	−3	127	175
2019	03	20	MY	SG	0	1	AIM		-21	1110	1101	−1	+4	175	177
2019	03	23	MY	AF	2	1	AIM		12	1122	1134	+1	−1	174	172
2019	06	02	MY	NP	2	0	F		4	1126	888	0	0	174	201
2019	06	07	MY	TL	7	1	WQ		3	1129	645	0	0	174	228
2019	06	11	MY	TL	5	1	WQ		3	1132	642	+1	−1	172	229
2019	08	30	MY	JO	0	1	F		-3	1129	1514	−1	0	175	76
2019	09	05	ID	MY	2	3	WQS		-30	1196	1159	−4	+8	158	167
2019	09	10	MY	AE	1	2	WQS		-8	1151	1500	−2	+2	169	83
2019	10	05	MY	LK	6	0	F		2	1153	678	0	0	169	224
2019	10	10	VN	MY	1	0	WQS		5	1381	1148	+1	−2	112	171
2019	11	05	MY	MV	2	1	F		3	1151	954	+1	0	169	194
2019	11	09	MY	TJ	1	0	F		10	1161	1257	+2	−3	167	145
2019	11	14	MY	TH	2	1	WQS		26	1187	1352	+4	−8	163	119
2019	11	19	MY	ID	2	0	WQS		18	1205	1120	+6	−2	158	177
2021	05	23	KW	MY	4	1	F	AE	9	1410	1196	0	0	101	161
2021	05	28	BH	MY	2	0	F		2	1567	1194	0	−1	66	162
2021	06	03	AE	MY	4	0	WQS		8	1461	1186	+3	−1	90	163
2021	06	11	VN	MY	2	1	WQS	AE	8	1433	1178	+2	−1	97	162
2021	06	15	MY	TH	1	0	WQS	AE	28	1206	1291	+5	−4	157	134
2021	10	06	JO	MY	4	0	FT		6	1480	1200	+1	−1	85	157
2021	10	09	UZ	MY	5	1	FT	JO	7	1555	1193	+1	−2	71	159
2021	12	06	MY	KH	3	1	SEA	SG	8	1201	856	+2	−2	157	207
2021	12	09	MY	LA	4	0	SEA	SG	4	1205	688	0	−1	157	221
2021	12	12	VN	MY	3	0	SEA	SG	20	1380	1185	+5	−4	106	161
2021	12	19	ID	MY	4	1	SEA	SG	38	1196	1147	+9	−9	159	170
2022	03	23	MY	PH	2	0	FT	SG	22	1169	1111	+4	−1	166	177
2022	03	26	SG	MY	2	1	FT		14	1114	1155	+1	−5	177	170
2022	05	27	MY	BN	4	0	F		1	1156	617	+1	0	168	230
2022	06	01	MY	HK	2	0	F		11	1167	1145	+1	−3	167	171
2022	06	08	MY	TM	3	1	SQ		32	1199	1255	+7	−12	161	147
2022	06	11	MY	BH	1	2	SQ		-9	1190	1516	−3	0	164	79
2022	06	14	MY	BD	4	1	SQ		5	1195	843	+1	−1	161	206
2022	09	22	TH	MY	1	1	KNG		-10	1383	1205	−5	+1	109	159
2022	09	25	MY	TJ	0	0	KNG	TH	5	1210	1319	0	−4	159	130
2022	12	09	MY	KH	4	0	F		2	1212	845	0	0	159	206
2022	12	14	MY	MV	3	0	F		4	1216	934	+1	0	158	196
2022	12	21	MM	MY	0	1	SEA		-10	922	1226	−1	+4	197	154
2022	12	24	MY	LA	5	0	SEA		2	1228	652	0	0	154	227
2022	12	27	VN	MY	3	0	SEA		12	1410	1216	+1	−4	101	158
2023	01	03	MY	SG	4	1	SEA		19	1235	1131	+5	−3	153	172
2023	01	07	MY	TH	1	0	SEA		23	1258	1362	+7	−8	146	115
2023	01	10	TH	MY	3	0	SEA		17	1379	1241	+5	−6	110	152
2023	03	23	MY	TM	1	0	F		7	1248	1245	+3	−3	148	151
2023	03	28	MY	HK	2	0	F		7	1255	1129	+4	0	144	171
2023	06	14	MY	SB	4	1	F		13	1268	1240	+1	−6	144	152
2023	06	20	MY	PG	10	0	F		16	1284	1207	+2	−1	138	158
2023	09	06	MY	SY	2	2	F	CN	4	1288	1410	+1	0	138	102
2023	09	09	CN	MY	1	1	F		-7	1473	1295	−3	+1	89	139
2023	10	13	MY	IN	4	2	MRD		15	1310	1253	+5	−3	134	150
2023	10	17	MY	TJ	0	2	MRD		-27	1283	1364	−10	+7	146	115
2023	11	16	MY	KG	4	3	WQS		12	1295	1225	+5	−2	140	156
2023	11	21	TW	MY	0	1	WQS		-7	925	1302	−2	+3	196	138
2024	01	08	MY	SY	2	2	F	QA	3	1305	1418	+3	0	137	100
2024	01	15	JO	MY	4	0	AC	QA	22	1535	1283	+5	−9	69	145
2024	01	20	BH	MY	1	0	AC	QA	16	1433	1267	+5	−2	97	148
2024	01	25	MY	KR	3	3	AC	QA	23	1290	1772	+7	−4	141	28
2024	03	15	MY	NP	5	1	F		2	1292	900	0	0	141	200
2024	03	21	OM	MY	2	0	WQS		8	1526	1284	+2	−3	74	144
2024	03	26	MY	OM	0	2	WQS		-18	1266	1544	−6	+2	151	72
2024	06	06	KG	MY	1	1	WQS		-6	1266	1272	−4	+3	150	147
2024	06	11	MY	TW	3	1	WQS		4	1276	900	+1	−2	147	200
2024	09	04	MY	PH	2	1	MRD		4	1280	1032	0	0	146	184
2024	09	08	MY	LB	1	0	MRD		12	1292	1304	+1	−5	143	141
2024	10	14	NZ	MY	4	0	F		4	1580	1288	+1	0	66	141
2024	11	14	MY	LA	3	1	F	TH	1	1289	667	+2	0	140	224
2024	11	18	IN	MY	1	1	F		0	1175	1289	0	0	163	138
2024	12	08	KH	MY	2	2	SEA		15	848	1274	+2	−10	205	148
2024	12	11	MY	TL	3	2	SEA		1	1275	672	+1	−1	147	224
2024	12	14	TH	MY	1	0	SEA		7	1445	1268	+2	−2	91	149
2024	12	20	MY	SG	0	0	SEA		-13	1255	1108	−3	+2	152	171
2025	03	25	MY	NP	2	0	SQ		5	1260	948	+1	−2	151	191
2025	05	29	MY	CV	1	1	F		4	1264	1500	+1	0	150	80
2025	06	03	MY	CV	0	3	F		-11	1253	1511	−2	0	152	80
2025	06	10	MY	VN	4	0	SQ		38	1291	1321	+12	−10	140	131
2025	09	04	MY	SG	2	1	F		3	1294	1079	+1	0	138	176
2025	09	08	MY	PS	1	0	F		12	1306	1448	+3	−2	135	90
2025	10	09	LA	MY	0	3	SQ		-4	712	1310	−1	+1	219	135
2025	10	14	MY	LA	5	1	SQ		1	1311	711	0	0	135	219
2025	11	18	MY	NP	1	0	SQ		2	1313	919	+2	−2	133	197
2026	03	31	VN	MY	3	1	SQ		20	1351	1293	+9	−7	117	138