1948	05	22	SG	CN	1	0	F		16	1316	1616	−	−1	81	37
1948	06	20	SG	AY	4	2	F		10	1326	1290	0	−	81	87
1948	07	07	SG	CN	3	4	F		-5	1321	1621	0	+1	81	36
1950	02	23	SG	BU	5	1	F		12	1333	1280	+2	−5	83	96
1950	02	27	SG	BU	0	6	F		-30	1303	1310	−6	+10	89	86
1953	01	24	HK	SG	2	2	AHM		-9	1431	1312	−1	+3	71	89
1953	01	25	HK	SG	3	0	AHM		12	1443	1300	+1	−4	70	93
1953	04	19	SG	KR	1	3	F		-4	1296	1725	−1	0	94	19
1953	06	20	SG	PH	3	1	F		7	1303	1180	+2	0	92	110
1953	09	13	SG	AY	1	3	F		-20	1283	1310	−5	+5	99	92
1954	04	17	SG	HK	2	0	AHM		26	1309	1417	+9	−6	98	82
1954	04	25	SG	PK	2	2	F		1	1310	1433	+1	0	97	77
1954	05	02	PK	SG	6	2	ASG	PH	25	1458	1285	+4	−10	74	108
1954	05	04	BU	SG	1	1	ASG	PH	2	1245	1283	0	0	115	107
1954	11	27	HK	SG	1	1	AHM		-10	1433	1293	−1	+4	78	103
1954	11	28	HK	SG	3	2	AHM		6	1439	1287	0	−3	78	106
1956	03	12	SG	PK	1	1	F		1	1288	1428	+1	0	106	81
1956	04	01	SG	AY	2	4	SMT		-27	1261	1349	−6	+3	112	93
1956	05	28	SG	RV	2	1	F		12	1273	1419	+1	−1	112	83
1956	12	13	SG	BG	2	10	F		-10	1263	1616	−2	+1	115	44
1957	02	09	SG	IN	2	3	F		-5	1258	1548	−2	+1	116	56
1957	05	11	SG	AY	1	1	F		-2	1256	1300	0	0	116	104
1957	08	31	SG	RV	5	5	MRD	AY	6	1262	1393	0	0	114	88
1957	09	01	RV	SG	2	1	MRD	AY	10	1403	1252	0	−1	88	115
1957	09	03	SG	TH	6	0	MRD	AY	27	1279	1170	+5	−2	110	124
1957	09	05	KH	SG	1	1	MRD	AY	8	1073	1271	0	−3	133	113
1957	09	07	SG	BU	3	2	MRD	AY	16	1287	1276	+8	−5	105	110
1957	09	10	SG	BU	2	1	F		7	1294	1269	+1	−3	104	113
1958	03	01	AY	SG	5	2	F		13	1295	1281	+4	−5	106	111
1958	03	02	AY	SG	3	1	F		10	1305	1271	+3	−2	103	113
1958	04	19	SG	HK	1	3	F		-11	1260	1480	−1	+4	115	70
1958	04	23	SG	HK	1	4	F		-12	1248	1492	−1	+5	116	65
1958	05	03	SG	AY	3	3	F		-1	1247	1306	0	0	116	103
1958	05	04	SG	AY	0	3	F		-20	1227	1326	−4	+2	120	101
1958	05	17	SG	PK	4	4	F		2	1229	1411	0	−1	120	87
1958	05	26	KR	SG	2	1	ASG	JP	3	1656	1226	−1	0	39	120
1958	05	28	IL	SG	2	1	ASG	JP	7	1503	1219	+3	0	64	120
1958	07	02	SG	ID	0	5	F		-8	1211	1576	−1	+3	121	50
1958	08	30	SG	RV	4	4	MRD	AY	8	1219	1409	+1	−2	120	87
1958	08	31	ID	SG	2	0	MRD	AY	6	1560	1213	+1	−1	55	121
1958	09	02	AY	SG	0	0	MRD		-9	1355	1222	−2	+1	98	120
1958	09	03	HK	SG	2	0	MRD	AY	8	1485	1214	+2	−1	70	121
1959	01	10	SG	JP	3	4	F		-10	1204	1309	−1	+1	124	105
1959	01	11	SG	JP	3	2	F		10	1214	1299	+1	−1	123	106
1959	05	09	SG	RV	1	4	SQ		-30	1184	1390	−4	+4	127	94
1959	05	11	SG	AY	2	5	SQ		-29	1155	1378	−1	+5	128	96
1959	08	31	IN	SG	2	0	MRD	AY	5	1524	1150	0	−1	63	129
1959	09	02	KR	SG	4	1	MRD	AY	3	1642	1147	0	0	40	129
1959	09	03	JP	SG	4	1	MRD	AY	16	1311	1131	+4	−2	104	131
1959	09	11	SG	IN	2	3	FT		-5	1126	1512	0	0	131	64
1959	09	13	SG	KR	0	4	FT		-5	1121	1655	0	0	131	39
1960	05	05	SG	IN	3	0	F		29	1150	1470	+1	−7	133	77
1960	08	07	RV	SG	2	1	MRD	AY	4	1482	1146	+2	−1	71	134
1960	08	08	ID	SG	8	3	MRD	AY	8	1481	1138	+3	0	72	134
1960	08	11	SG	KR	3	3	MRD	AY	14	1152	1655	+3	−2	131	38
1960	08	13	HK	SG	3	2	MRD	AY	5	1434	1147	+2	−2	82	133
1960	08	19	SG	PK	4	1	F		25	1172	1375	+3	−6	130	100
1961	08	02	ID	SG	1	0	MRD	AY	3	1550	1169	+1	0	55	129
1961	08	10	SG	HK	4	3	MRD	AY	25	1194	1419	+3	−6	126	85
1961	08	12	SG	TH	5	3	MRD	AY	20	1214	1136	+2	−4	124	134
1961	08	13	RV	SG	2	1	MRD	AY	7	1426	1207	+2	−1	83	125
1962	06	09	SG	HK	2	6	AHM		-20	1187	1435	−7	+5	134	84
1962	07	27	SG	TW	2	2	F		8	1195	1626	+3	0	131	41
1962	07	28	SG	TW	0	4	F		-5	1190	1631	−3	0	134	41
1962	08	16	SG	IN	2	2	F		4	1194	1418	+3	0	131	87
1962	08	22	SG	TW	0	1	F		-3	1191	1634	−2	0	133	40
1962	09	05	SG	IN	1	0	F		15	1206	1487	+5	−1	127	71
1962	09	11	ID	SG	2	0	MRD	AY	7	1495	1199	0	−2	70	129
1962	09	13	SG	PH	5	0	MRD	AY	19	1218	1041	+3	0	126	145
1962	09	17	SG	RV	2	2	MRD	AY	8	1226	1409	+2	−5	125	92
1962	09	21	SG	JP	2	1	F		9	1235	1296	+1	−4	124	114
1963	11	20	HK	SG	3	4	F		-17	1412	1252	−3	+5	88	120
1964	03	03	SG	JP	1	2	F		-9	1243	1400	−2	+3	121	94
1964	07	04	SG	HK	1	1	F		2	1245	1420	0	0	121	86
1964	07	05	SG	HK	2	1	F		12	1257	1408	+1	−3	120	89
1965	03	25	SG	JP	1	4	F		-14	1243	1440	−2	+2	124	83
1965	08	31	SG	IN	1	2	F		-5	1238	1519	−1	+2	129	66
1965	12	05	HK	SG	0	0	AHM		-9	1367	1247	−4	+2	101	127
1965	12	07	HK	SG	1	2	AHM		-23	1344	1270	−6	+3	107	124
1965	12	15	BU	SG	1	0	SEP	MY	14	1396	1256	+2	−1	93	125
1965	12	16	RV	SG	5	1	SEP	MY	21	1436	1235	+5	−5	84	130
1966	08	13	BU	SG	2	2	MRD	MY	-7	1411	1242	0	0	92	129
1966	08	18	SG	TW	4	1	MRD	MY	44	1286	1483	+11	−11	118	73
1966	08	20	RV	SG	2	1	MRD	MY	11	1397	1275	+3	−4	94	123
1966	08	22	SG	IN	1	0	MRD	MY	24	1299	1493	+8	−4	115	68
1966	08	29	SG	RV	2	2	F		1	1300	1434	0	0	114	87
1966	08	31	SG	KR	1	3	F		-9	1291	1544	−3	+3	117	55
1966	12	10	ID	SG	3	0	ASG	TH	22	1449	1269	+6	−5	85	123
1966	12	13	SG	TW	3	3	ASG	TH	8	1277	1410	+1	−1	122	94
1966	12	14	SG	RV	5	0	ASG	TH	60	1337	1408	+16	−14	106	93
1966	12	15	TH	SG	0	2	ASG		-38	1288	1375	−8	+6	118	100
1966	12	16	JP	SG	5	1	ASG	TH	23	1536	1352	+5	−2	58	102
1966	12	18	BU	SG	2	0	ASG	TH	18	1520	1334	+5	−5	62	107
1966	12	19	JP	SG	2	0	ASG	TH	14	1553	1320	+5	−4	52	111
1967	03	24	MY	SG	1	1	SQ	HK	5	1245	1315	0	−3	128	114
1967	03	26	TH	SG	4	1	SQ	HK	41	1293	1274	+9	−10	116	124
1967	03	29	HK	SG	2	0	SQ		16	1361	1258	+2	−1	102	125
1967	04	02	RV	SG	3	0	SQ	HK	26	1374	1232	+3	−5	101	129
1967	08	11	SG	TW	3	3	MRD	MY	8	1240	1422	+2	−2	128	90
1967	08	13	ID	SG	4	1	MRD	MY	14	1428	1226	+4	−2	89	130
1967	08	15	BU	SG	3	0	MRD	MY	8	1535	1218	+2	0	60	130
1967	08	20	KR	SG	3	0	MRD	MY	9	1506	1209	0	−3	66	133
1967	08	28	SG	RV	1	0	F		13	1222	1421	+3	−3	130	92
1967	08	31	SG	IN	0	0	F		3	1225	1436	0	0	130	85
1967	10	07	SG	HK	4	0	F		18	1243	1298	+2	−1	128	115
1967	10	08	SG	HK	2	0	F		13	1256	1285	+1	−2	127	117
1967	11	04	RV	SG	2	0	VIC		8	1442	1248	+4	0	82	126
1967	11	08	NZ	SG	3	1	VIC	RV	9	1494	1239	0	−1	67	127
1967	11	11	AU	SG	5	1	VIC	RV	9	1534	1230	0	−2	62	128
1967	11	21	SG	AU	1	6	F		-8	1222	1581	−1	+2	129	54
1967	12	19	KH	SG	6	1	F		17	1198	1205	+3	−4	135	133
1967	12	20	KH	SG	3	1	F		11	1209	1194	+3	−4	132	137
1968	08	11	TW	SG	2	0	MRD	MY	15	1324	1179	+3	−3	111	140
1968	08	12	KR	SG	3	2	MRD	MY	2	1614	1177	0	0	45	140
1968	08	15	ID	SG	4	0	MRD	MY	12	1424	1165	+4	−2	86	142
1968	08	27	SG	KR	4	3	FT		26	1191	1571	+4	−8	138	56
1968	08	28	SG	RV	1	0	FT		20	1211	1397	+7	−4	131	93
1968	08	30	SG	ID	1	0	FT		22	1233	1463	+3	−5	128	76
1968	11	20	TH	SG	3	0	KNG		16	1293	1217	+3	0	115	127
1968	11	22	BU	SG	2	0	KNG	TH	6	1540	1211	+2	−4	63	131
1968	11	26	ID	SG	7	1	KNG	TH	10	1510	1201	0	−3	69	134
1969	09	16	SG	NZ	0	2	F		-9	1192	1463	−3	+1	137	77
1969	10	20	SG	KH	1	1	F		-2	1190	1211	0	0	137	131
1969	10	31	BU	SG	3	1	MRD	MY	6	1520	1184	0	−1	69	138
1969	11	04	IN	SG	3	0	MRD	MY	16	1337	1168	+2	−3	107	142
1969	11	06	ID	SG	9	2	MRD	MY	6	1570	1162	0	0	56	142
1969	11	09	BU	SG	9	0	MRD	MY	9	1513	1153	0	0	69	142
1969	11	11	SG	IN	7	3	F		22	1175	1298	+4	−5	138	114
1969	11	20	SG	ID	3	2	KNG	TH	27	1202	1551	+4	−8	134	60
1969	11	24	SG	RV	1	1	KNG	TH	8	1210	1395	+2	0	132	95
1970	06	20	MY	SG	5	0	JAT	ID	24	1302	1186	+7	−5	113	137
1970	08	01	ID	SG	3	1	MRD	MY	5	1562	1181	+1	−1	57	137
1970	08	04	KR	SG	4	0	MRD	MY	5	1594	1176	0	−1	52	138
1970	08	06	HK	SG	3	2	MRD	MY	12	1268	1164	+2	−4	123	142
1970	08	08	TH	SG	5	4	MRD	MY	9	1319	1155	+3	−1	109	143
1970	08	10	JP	SG	4	0	MRD	MY	5	1575	1150	0	0	56	143
1970	08	13	RV	SG	4	0	MRD	MY	17	1315	1133	+4	−2	110	145
1970	08	19	SG	IN	3	8	F		-15	1118	1341	−1	+1	146	106
1970	11	08	SG	HK	1	0	KNG	TH	21	1139	1234	+2	−4	144	129
1970	11	10	TH	SG	3	1	KNG		7	1354	1132	+3	−1	103	145
1970	11	14	LA	SG	3	0	KNG	TH	38	1007	1094	+3	−5	161	150
1970	11	16	KR	SG	4	0	KNG	TH	3	1618	1091	+1	−2	46	152
1971	06	05	ID	SG	3	0	JAT		5	1388	1086	+2	0	95	152
1971	06	09	BU	SG	6	0	JAT	ID	3	1622	1083	+1	−1	44	153
1971	08	05	SG	HK	2	1	MRD	MY	21	1104	1201	+4	−4	149	133
1971	08	07	SG	BU	1	0	MRD	MY	29	1133	1622	+4	−3	145	43
1971	08	10	IN	SG	2	2	MRD	MY	-9	1375	1142	−3	+1	97	144
1971	08	13	ID	SG	4	0	MRD	MY	9	1441	1133	+2	−1	80	145
1971	08	15	PH	SG	4	4	MRD	MY	7	971	1126	0	0	164	145
1971	08	20	MY	SG	4	2	MRD		6	1343	1120	+2	0	105	145
1971	08	27	SG	ID	3	2	FT		23	1143	1411	+1	−5	144	88
1971	10	28	TH	SG	1	0	VIC	RV	10	1264	1133	+4	−2	122	145
1971	10	30	MY	SG	1	1	VIC	RV	-11	1459	1144	−3	+2	76	143
1971	10	31	SG	TH	3	1	VIC	RV	29	1173	1216	+3	−1	140	129
1971	11	07	TH	SG	2	0	KNG		14	1230	1159	+1	−2	128	142
1971	11	09	RV	SG	5	4	KNG	TH	10	1294	1149	+3	0	114	142
1971	12	13	RV	SG	3	1	SEP	MY	14	1368	1135	+3	−2	99	145
1971	12	14	BU	SG	8	1	SEP	MY	5	1632	1130	0	−3	39	148
1972	06	06	KU	SG	3	0	JAT	ID	13	1331	1117	+2	−1	108	148
1972	06	08	PH	SG	2	0	JAT	ID	27	1076	1090	+3	−6	155	154
1972	06	10	SG	TH	1	1	JAT	ID	5	1095	1215	+1	−1	153	130
1972	06	23	SG	LK	3	1	FT		10	1105	978	+1	−1	152	163
1972	06	25	SG	KU	1	0	FT		22	1127	1369	+4	−7	148	101
1972	07	13	ID	SG	0	0	MRD	MY	-12	1477	1139	−2	+4	68	144
1972	07	15	TH	SG	2	0	MRD	MY	19	1213	1120	+5	−4	131	148
1972	07	17	HK	SG	4	1	MRD	MY	19	1239	1101	+1	−4	129	152
1972	07	19	KR	SG	4	1	MRD	MY	4	1542	1097	0	0	63	152
1972	07	25	SG	LK	6	1	MRD	MY	18	1115	932	+4	−1	149	166
1972	08	02	SG	LK	6	1	FT		10	1125	922	+1	0	148	166
1972	08	06	SG	HK	0	2	FT		-21	1104	1273	−4	+5	152	122
1972	09	21	ID	SG	2	1	PRS	KR	3	1488	1101	+2	0	65	152
1972	09	23	SG	PH	5	0	PRS	KR	28	1129	1048	+5	−2	147	157
1972	09	25	BU	SG	1	0	PRS	KR	2	1633	1127	0	−1	40	148
1972	09	28	TH	SG	4	1	PRS	KR	18	1252	1109	+3	−3	127	151
1972	10	05	HK	SG	2	3	F		-17	1273	1126	−5	+3	123	148
1972	10	28	SG	KU	1	0	VIC	RV	22	1148	1279	+5	−6	143	121
1972	10	29	RV	SG	4	1	VIC		8	1354	1140	0	0	107	143
1972	11	01	SG	MY	3	1	VIC	RV	37	1177	1358	+3	−11	140	105
1972	11	18	TH	SG	4	0	KNG		15	1267	1162	+3	−1	125	141
1972	11	20	SG	ID	2	1	KNG	TH	26	1188	1460	+4	−4	137	70
1972	11	22	MY	SG	2	0	KNG	TH	12	1383	1176	+2	−3	98	140
1972	11	24	KR	SG	2	0	KNG	TH	4	1593	1172	0	0	50	140
1972	11	28	SG	KR	0	0	KNG	TH	12	1184	1558	+2	−1	138	55
1973	07	26	KU	SG	1	1	MRD	MY	-6	1315	1190	−2	+1	113	138
1973	07	28	KW	SG	2	0	MRD	MY	10	1415	1180	+1	−1	88	139
1973	07	30	BU	SG	1	0	MRD	MY	2	1653	1178	+1	0	37	139
1973	08	02	BD	SG	1	1	MRD	MY	7	1019	1171	0	−2	160	141
1973	08	05	RV	SG	1	0	MRD	MY	10	1289	1161	+6	0	117	141
1973	08	10	SG	KU	3	0	MRD	MY	33	1194	1220	+5	−3	136	131
1973	08	13	SG	BD	0	1	FT		-25	1169	1033	−4	+2	141	159
1973	08	15	SG	IN	4	5	FT		-11	1158	1365	0	+2	141	103
1973	09	01	SG	TH	1	0	SEP		20	1178	1243	+2	−3	139	128
1973	09	04	SG	MY	0	0	SEP		9	1187	1436	+1	−5	138	82
1973	09	06	SG	RV	1	1	SEP		0	1187	1287	0	0	138	119
1973	09	07	SG	MY	0	3	SEP		-22	1165	1449	−2	+10	140	75
1973	11	03	MY	SG	2	1	VIC	RV	4	1478	1161	+1	−1	68	141
1973	11	04	RV	SG	4	2	VIC		11	1271	1150	+2	−1	123	142
1973	12	15	LA	SG	3	2	KNG	TH	23	954	1127	0	−4	165	146
1973	12	17	BU	SG	6	1	KNG	TH	4	1605	1123	+1	−1	46	147
1973	12	19	TH	SG	3	0	KNG		10	1291	1113	+5	−2	117	149
1974	02	12	SG	JP	0	1	F		-4	1109	1456	−1	+1	150	75
1974	07	28	ID	SG	5	0	MRD	MY	10	1398	1099	+2	−1	94	152
1974	07	30	SG	TH	1	1	MRD	MY	8	1107	1291	+1	−2	151	118
1974	08	07	SG	HK	0	1	AHM		-9	1098	1367	−1	+3	152	102
1974	11	03	SG	CN	1	1	F		8	1106	1596	+1	0	151	45
1974	12	10	SG	LA	2	0	KNG	TH	13	1119	935	+5	−1	146	166
1974	12	12	MY	SG	0	0	KNG	TH	-12	1466	1131	−5	+3	75	143
1974	12	14	TH	SG	2	1	KNG		8	1227	1123	0	−2	130	145
1975	05	02	CN	SG	1	0	F		1	1583	1122	0	0	48	144
1975	06	15	SG	BN	6	0	SQ	HK	17	1139	868	+3	0	141	174
1975	06	19	KP	SG	1	0	SQ	HK	3	1605	1136	0	−1	45	142
1975	06	21	JP	SG	2	1	SQ	HK	5	1464	1131	0	0	76	142
1975	11	09	SG	NZ	2	2	F		6	1137	1450	+2	−3	142	81
1975	12	10	BU	SG	1	0	SEP	TH	4	1536	1133	+1	−2	60	144
1975	12	12	TH	SG	2	2	SEP		-11	1227	1144	−1	+4	127	140
1975	12	15	BU	SG	2	2	SEP	TH	-16	1496	1160	−7	+1	68	139
1975	12	21	MY	SG	0	0	KNG	TH	-10	1446	1170	−4	+1	81	138
1975	12	24	BU	SG	6	0	KNG	TH	9	1491	1161	+4	−1	68	139
1975	12	26	TH	SG	0	1	KNG		-23	1258	1184	−3	+2	123	137
1975	12	30	KR	SG	5	0	KNG	TH	4	1635	1180	+1	0	41	137
1976	02	15	ID	SG	0	0	OQ		-14	1359	1194	−4	0	105	137
1976	02	20	SG	PG	7	4	OQ	ID	21	1215	1024	+5	0	132	157
1976	02	22	MY	SG	6	0	OQ	ID	22	1424	1193	+8	−5	86	137
1976	02	24	KP	SG	2	0	OQ	ID	4	1661	1189	0	0	39	137
1976	09	13	MY	SG	4	1	PRS	KR	8	1487	1181	+6	0	64	136
1976	09	15	SG	IN	2	1	PRS	KR	19	1200	1268	0	−4	136	121
1976	09	17	KR	SG	7	0	PRS		3	1638	1197	0	0	42	136
1976	10	22	SG	AU	0	1	F		-2	1195	1672	0	+1	136	35
1976	12	17	KR	SG	4	0	KNG	TH	4	1634	1191	+1	0	42	136
1976	12	19	TH	SG	6	0	KNG		13	1338	1178	+2	0	108	136
1977	02	14	SG	KR	0	4	F		-4	1174	1633	−1	0	137	43
1977	02	27	SG	TH	2	0	WQ		36	1210	1312	+4	−6	133	111
1977	03	02	SG	HK	2	2	WQ		5	1215	1394	+1	0	132	93
1977	03	06	SG	MY	1	0	WQ		30	1245	1477	+5	−11	127	76
1977	03	09	SG	ID	0	4	WQ		-48	1197	1294	−9	+11	136	115
1977	03	12	SG	HK	0	1	WQ		-14	1183	1427	0	+2	136	88
1977	10	28	TH	SG	2	0	KNG		10	1322	1173	+1	0	110	137
1977	11	01	MY	SG	4	3	KNG	TH	4	1481	1169	+2	0	68	137
1977	11	04	IN	SG	2	1	KNG	TH	12	1251	1157	+2	−2	125	139
1977	11	13	SG	AU	0	2	F		-2	1155	1682	0	0	139	36
1977	11	20	TH	SG	2	0	SEG	MY	18	1321	1137	+4	−3	110	142
1977	11	21	BU	SG	5	1	SEG	MY	11	1461	1126	+2	−4	76	146
1978	04	00	SG	MY	1	0	KNG	TH	27	1153	1491	+8	−3	139	67
1978	05	00	MY	SG	3	2	KNG	TH	4	1495	1149	0	0	67	139
1978	06	14	KR	SG	3	1	JAT	ID	2	1724	1147	+1	0	28	140
1978	06	16	MY	SG	1	1	JAT	ID	-11	1452	1158	−3	+1	79	139
1978	06	17	TH	SG	3	1	JAT	ID	15	1288	1143	+2	−1	118	140
1978	06	21	ID	SG	2	2	JAT		-11	1357	1154	−2	0	100	140
1978	07	14	MY	SG	6	0	MRD		7	1428	1147	+3	0	85	140
1978	07	16	KR	SG	2	0	MRD	MY	1	1748	1146	0	0	25	140
1978	07	18	TH	SG	2	1	MRD	MY	9	1294	1137	+1	−3	116	143
1978	07	20	IQ	SG	3	0	MRD	MY	3	1610	1134	+1	−1	46	144
1978	07	23	SG	JP	2	1	MRD	MY	25	1159	1403	+6	−8	138	92
1978	07	25	SG	SY	4	1	MRD	MY	36	1195	1256	+2	−4	136	120
1978	07	27	ID	SG	0	0	MRD	MY	-6	1324	1201	−1	0	107	136
1978	10	01	SG	NZ	0	2	F		-7	1194	1508	−1	0	136	66
1979	05	04	HK	SG	3	1	SQ	TH	17	1368	1177	+7	−3	98	137
1979	05	06	TH	SG	4	0	SQ		12	1369	1165	+5	−1	98	137
1979	05	08	LK	SG	4	0	SQ	TH	61	966	1104	+7	−13	165	150
1979	06	30	ID	SG	0	0	MRD	MY	-6	1240	1110	−2	+1	124	149
1979	07	05	SG	TH	1	1	MRD	MY	8	1118	1300	+5	−2	144	113
1979	07	09	MY	SG	3	0	MRD		4	1467	1114	+2	−2	74	147
1979	07	11	BU	SG	4	1	MRD	MY	8	1408	1106	+2	−2	91	149
1979	07	13	JP	SG	3	1	MRD	MY	5	1462	1101	+2	0	76	149
1979	09	22	ID	SG	3	0	SEG		14	1251	1087	+3	−1	121	152
1979	09	23	MY	SG	2	0	SEG	ID	6	1473	1081	+5	0	76	152
1979	09	25	SG	TH	2	2	SEG	ID	13	1094	1350	+1	−3	151	103
1979	09	26	SG	BU	2	1	SEG	ID	34	1128	1369	+5	−7	146	97
1979	11	17	SG	SE	0	5	F		-3	1125	1678	0	0	146	34
1979	11	25	SG	MY	4	0	KNG	TH	50	1175	1426	+7	−11	139	87
1980	02	23	SG	LK	3	0	OQ		9	1184	923	0	0	139	169
1980	02	26	SG	IN	1	0	OQ		17	1201	1207	+5	−4	133	131
1980	03	01	SG	IR	0	3	OQ		-5	1196	1738	−2	+1	136	24
1980	03	04	SG	KP	3	1	OQ		54	1250	1634	+14	−11	122	45
1980	03	08	SG	CN	1	0	OQ		34	1284	1617	+7	−4	115	47
1980	03	12	SG	IR	0	4	OQ		-8	1276	1750	−1	0	116	24
1980	11	20	SG	BN	3	0	KNG	TH	6	1282	912	0	−3	117	173
1980	12	22	JP	SG	1	0	WQ	HK	8	1520	1274	+2	−1	65	118
1980	12	24	HK	SG	1	1	WQ		-10	1346	1284	−2	+1	101	117
1980	12	26	KP	SG	1	0	WQ	HK	5	1608	1279	+1	0	45	117
1981	02	17	SG	JP	0	1	F		-7	1272	1480	−1	+3	117	72
1981	02	19	SG	JP	0	0	F		3	1275	1477	+1	−3	116	75
1981	02	24	SG	SA	1	1	F		2	1277	1428	−1	0	117	85
1981	04	05	SG	MY	1	1	OVC		3	1280	1448	+2	0	115	83
1981	04	17	MY	SG	1	2	OVC		-25	1423	1305	−5	+4	88	111
1981	09	01	TH	SG	3	1	MRD	MY	17	1411	1288	+1	−4	90	114
1981	09	04	KR	SG	2	0	MRD	MY	4	1716	1284	+1	−1	29	115
1981	09	16	IQ	SG	4	0	MRD	MY	4	1714	1280	+1	−1	30	115
1981	11	09	TH	SG	2	1	KNG		6	1418	1274	0	−2	89	117
1981	11	11	SG	MY	1	0	KNG	TH	17	1291	1295	+4	−7	113	111
1981	11	17	PK	SG	1	0	KNG	TH	17	1257	1274	+2	−4	122	116
1981	12	07	ID	SG	1	0	SEG	PH	24	1236	1250	+8	−6	128	123
1981	12	09	PH	SG	0	4	SEG		-16	912	1266	−3	+4	173	119
1981	12	13	MY	SG	1	1	SEG	PH	-2	1300	1268	0	0	110	119
1981	12	14	ID	SG	2	0	SEG	PH	33	1271	1235	+7	−10	119	129
1982	01	17	SG	BH	2	0	F		8	1243	1159	+5	−1	124	142
1982	03	10	AE	SG	3	0	F		19	1128	1224	+2	−7	148	132
1982	03	12	AE	SG	5	3	F		15	1143	1209	+4	−4	144	136
1982	05	01	TH	SG	1	1	KNG		-10	1397	1219	0	+4	89	133
1982	05	05	SG	NP	2	0	KNG	TH	8	1227	939	0	−2	133	169
1982	05	06	SG	PH	1	0	KNG	TH	4	1231	880	+2	0	131	178
1982	05	13	TH	SG	1	0	KNG		6	1392	1225	+1	−2	89	133
1982	05	15	TH	SG	2	2	KNG		-10	1382	1235	−2	+2	91	131
1982	06	02	JP	SG	2	0	KRN		5	1484	1230	+2	0	75	131
1982	08	07	GH	SG	3	0	MRD	MY	3	1704	1227	+1	−2	32	132
1982	08	12	SG	IN	3	0	MRD	MY	28	1255	1223	+10	−9	122	132
1982	08	14	SG	TH	2	0	MRD	MY	30	1285	1342	+8	−8	114	101
1982	10	05	SG	MY	0	1	MRL		-18	1267	1333	−6	+1	120	103
1982	10	07	SG	BN	7	0	MRL		5	1272	906	+2	−1	118	173
1982	10	10	SG	KR	0	2	MRL		-8	1264	1636	−5	0	123	41
1982	11	10	SG	MY	3	1	OVC		20	1284	1298	+9	−7	114	112
1983	05	28	SG	MY	2	1	SEG		12	1296	1227	+3	−3	112	131
1983	06	01	SG	PH	5	0	SEG		4	1300	891	+1	−1	110	175
1983	06	04	SG	BN	4	0	SEG		5	1305	944	+2	0	108	168
1983	06	06	SG	TH	1	2	SEG		-23	1282	1368	−8	+6	116	93
1983	09	03	MY	SG	0	0	OVC		-2	1231	1284	−1	0	129	119
1983	09	10	SG	MY	0	1	OVC		-21	1263	1252	−3	+4	123	125
1983	10	14	SG	SA	0	3	OQ		-30	1233	1439	−3	+2	127	86
1983	10	17	SG	IN	2	1	OQ		14	1247	1214	+2	−4	125	135
1983	10	20	SG	MY	0	2	OQ		-35	1212	1327	−8	+14	134	102
1983	10	23	SG	ID	1	0	OQ		13	1225	1171	+3	0	131	142
1983	10	26	ID	SG	1	1	OQ	MY	3	1174	1222	0	0	142	131
1983	10	29	IN	SG	1	0	OQ	MY	19	1258	1203	+2	−6	125	137
1983	11	01	MY	SG	1	0	OQ		8	1359	1195	+2	−3	95	140
1983	11	17	SA	SG	5	0	OQ		8	1476	1187	0	−2	77	141
1983	11	20	LK	SG	0	4	F		-10	911	1197	−1	+2	172	139
1983	12	03	SG	ID	5	0	MRL		18	1215	1125	+5	−2	134	146
1983	12	07	SG	BN	4	0	MRL		6	1221	924	+1	0	132	170
1983	12	14	SG	CN	1	0	MRL		25	1246	1568	+6	−10	126	58
1983	12	18	SG	AU	2	4	MRL		-10	1236	1580	−2	+4	128	52
1984	08	12	MY	SG	1	0	OVC		7	1350	1229	+3	−1	96	130
1984	08	18	SG	MY	1	1	OVC		1	1230	1349	+1	−2	129	98
1984	09	04	SG	QA	0	1	F		-5	1225	1524	−1	+3	130	62
1984	10	22	SG	ID	5	1	MRL		16	1241	1142	+3	−2	128	146
1984	11	05	QA	SG	0	0	F		-8	1519	1249	−2	+1	64	127
1984	11	07	QA	SG	3	1	F		3	1522	1246	0	0	64	127
1984	12	02	SG	IN	2	0	AC		29	1275	1232	+5	−6	121	128
1984	12	05	SG	CN	0	2	AC		-17	1258	1601	−1	+3	122	46
1984	12	08	SG	AE	0	1	AC		-28	1230	1344	−5	+11	127	100
1984	12	10	SG	IR	1	1	AC		21	1251	1717	+4	−1	123	32
1985	01	04	BN	SG	0	0	F		5	949	1246	0	−2	168	125
1985	01	19	SG	KP	1	1	WQ		12	1258	1565	+3	−4	122	58
1985	02	23	SG	JP	1	3	WQ		-24	1234	1456	−6	+3	129	82
1985	05	18	JP	SG	5	0	WQ		9	1494	1225	+5	−2	70	131
1985	05	25	KP	SG	2	0	WQ		5	1536	1220	+3	−1	60	132
1985	09	29	MY	SG	1	1	F		-6	1365	1226	−2	+3	97	129
1985	10	06	SG	MY	2	1	F		11	1237	1354	+2	−1	127	98
1985	10	16	SG	BN	2	1	MRL		2	1239	898	0	0	127	174
1985	10	20	SG	MY	2	0	MRL		24	1263	1334	+5	−4	122	101
1985	10	23	SG	MY	4	0	MRL		26	1289	1308	+9	−8	113	109
1985	12	09	SG	ID	1	0	SEG	TH	14	1303	1167	+3	−2	110	144
1985	12	13	SG	BN	3	0	SEG	TH	7	1310	904	+1	−1	109	174
1985	12	14	MY	SG	2	2	SEG	TH	0	1315	1310	0	0	106	109
1985	12	17	TH	SG	2	0	SEG		26	1277	1284	+11	−4	116	113
1986	03	01	ID	SG	3	1	KNG	TH	32	1151	1252	+6	−13	144	127
1986	03	03	TH	SG	3	1	KNG		15	1292	1237	+2	0	112	127
1986	08	24	SG	CA	0	1	MRL		-5	1232	1614	0	0	127	45
1986	08	30	SG	KP	0	2	MRL		-11	1221	1548	−5	+2	132	62
1986	09	01	SG	CN	0	3	MRL		-9	1212	1612	−1	+3	133	45
1986	09	03	SG	CN	1	2	MRL		-5	1207	1617	−1	0	134	45
1986	09	06	SG	CA	0	1	MRL		-5	1202	1574	−1	+2	135	55
1986	09	07	SG	SA	0	4	F		-8	1194	1550	−2	+1	137	63
1987	04	04	SG	ID	2	0	OQ		22	1216	1176	+6	−4	133	141
1987	04	12	JP	SG	1	0	OQ		5	1469	1211	0	0	76	133
1987	04	26	ID	SG	2	1	OQ		17	1186	1194	+5	−4	139	137
1987	06	14	SG	JP	0	1	OQ		-11	1183	1480	−3	0	140	77
1987	09	10	MY	SG	0	0	SEG	ID	-6	1288	1189	−3	+1	111	138
1987	09	14	BU	SG	0	0	SEG	ID	-7	1304	1196	0	+1	105	137
1988	10	09	SG	QA	0	1	F		-6	1190	1429	0	+1	139	85
1988	11	27	SG	MY	2	3	F		-12	1178	1246	−1	+2	142	123
1988	12	09	SG	OM	3	1	MRD	MY	16	1194	1059	+2	0	140	160
1989	05	13	SG	ID	1	2	F		-13	1181	1209	0	+5	140	134
1989	05	23	KR	SG	3	0	WQ		2	1727	1179	0	−1	28	142
1989	05	25	MY	SG	1	0	WQ	KR	16	1268	1163	+1	−2	117	144
1989	05	27	SG	NP	3	0	WQ	KR	13	1176	899	+2	−1	142	179
1989	06	03	SG	MY	2	2	WQ		-1	1175	1266	0	−1	142	118
1989	06	05	SG	NP	7	0	WQ		9	1184	889	+1	−1	141	181
1989	06	07	SG	KR	0	3	WQ		-5	1179	1741	−1	0	142	27
1989	08	17	SG	QA	4	1	F		27	1206	1470	+6	−8	136	74
1989	08	24	SG	TH	1	1	SEG	MY	1	1207	1231	0	0	136	129
1989	08	26	SG	MM	4	0	SEG	MY	36	1243	1154	+13	−3	123	144
1989	08	28	SG	ID	1	0	SEG	MY	19	1262	1214	+4	−6	119	135
1989	08	31	MY	SG	3	1	SEG		18	1323	1244	+3	−4	107	123
1990	08	18	ID	SG	6	0	IPC		26	1239	1218	+9	−8	127	135
1990	09	13	SG	MY	3	0	F		17	1235	1290	+3	−4	131	115
1990	09	23	KR	SG	7	0	ASG	CN	5	1721	1230	0	−2	31	133
1990	09	25	CN	SG	5	1	ASG		6	1548	1224	+1	0	60	133
1990	09	27	SG	PK	6	1	ASG	CN	18	1242	992	+4	−2	129	170
1991	10	05	SG	ID	2	0	F		10	1252	1216	+4	−3	132	142
1991	11	25	SG	TH	0	0	SEG	PH	3	1255	1308	0	0	135	118
1991	11	29	SG	MM	2	1	SEG	PH	14	1269	1132	+7	−1	128	159
1991	12	02	ID	SG	0	0	SEG	PH	0	1273	1269	0	0	127	128
1991	12	04	PH	SG	0	2	SEG		-8	830	1277	0	+1	195	127
1992	04	19	SG	MY	1	1	SQ		-9	1268	1217	−4	0	132	145
1992	04	22	SG	ID	1	2	SQ		-26	1242	1288	−10	+10	141	126
1992	04	26	SG	CN	0	1	SQ		-11	1231	1511	0	+1	141	70
1992	11	25	MM	SG	0	1	F		-10	1122	1241	−1	+1	168	142
1992	12	08	SG	MY	3	0	MRL		20	1261	1232	+4	−5	138	143
1993	02	05	MY	SG	2	1	MRD		12	1244	1249	+1	−3	142	140
1993	02	09	SG	TH	1	1	MRD	MY	5	1254	1357	+2	−2	138	114
1993	04	11	KP	SG	2	1	WQ	QA	8	1511	1246	+4	−3	75	144
1993	04	13	SG	VN	3	2	WQ	QA	14	1260	1126	+5	−3	139	167
1993	04	16	QA	SG	4	1	WQ		9	1495	1251	+2	−2	81	141
1993	04	18	SG	ID	2	0	WQ	QA	27	1278	1184	+9	−5	132	156
1993	04	22	SG	SA	0	3	F		-8	1270	1608	−2	0	134	54
1993	04	26	SG	KP	1	3	WQ		-16	1254	1569	−5	+2	139	63
1993	04	28	SG	VN	1	0	WQ		9	1263	1129	+1	−1	138	166
1993	04	30	SG	QA	1	0	WQ		27	1290	1465	+9	−5	130	87
1993	05	02	SG	ID	2	1	WQ		9	1299	1178	+1	−3	129	158
1993	06	09	SG	PH	7	0	SEG		3	1302	822	0	0	128	203
1993	06	11	SG	ID	1	1	SEG		-11	1291	1205	−2	+3	130	153
1993	06	15	SG	VN	2	0	SEG		10	1301	1092	+1	−2	128	174
1993	06	17	SG	MM	3	3	SEG		-10	1291	1209	−1	+4	129	151
1993	06	19	SG	ID	3	1	SEG		15	1306	1185	+1	−4	128	158
1995	07	17	SG	MM	3	3	TGC		-8	1298	1198	−2	+1	130	154
1995	08	01	ID	SG	0	0	F		0	1185	1298	0	0	156	130
1995	12	04	BN	SG	2	2	SEG	TH	17	878	1281	+3	−9	200	138
1995	12	06	SG	MM	4	2	SEG	TH	23	1304	1172	+11	−8	127	162
1995	12	08	SG	PH	4	0	SEG	TH	4	1308	784	+1	0	126	206
1995	12	10	LA	SG	0	0	SEG	TH	15	976	1293	+2	−6	191	131
1995	12	14	TH	SG	1	0	SEG		10	1389	1283	+3	−5	110	136
1995	12	16	SG	MM	1	0	SEG	TH	14	1297	1156	+6	−1	130	163
1996	06	27	SG	MM	4	0	SQ	TH	23	1320	1133	+6	−1	125	165
1996	06	29	SG	MV	2	0	SQ	TH	2	1322	760	+1	0	124	207
1996	07	01	TH	SG	1	1	SQ		-12	1446	1334	−4	+2	94	122
1996	07	04	SG	MM	2	2	SQ		-14	1320	1147	−3	+1	125	164
1996	07	07	SG	MV	5	2	SQ		1	1321	751	+1	−1	124	208
1996	07	09	SG	TH	2	2	SQ		2	1323	1459	+1	−1	123	91
1996	09	02	SG	MY	1	1	SEA		-9	1314	1257	−2	+2	126	139
1996	09	04	SG	BN	3	0	SEA		2	1316	815	0	−1	126	205
1996	09	06	SG	PH	3	0	SEA		2	1318	773	0	0	126	206
1996	09	10	SG	TH	0	1	SEA		-18	1300	1471	−3	+6	130	86
1997	02	21	CN	SG	3	1	DNH	MY	8	1570	1292	0	−3	63	133
1997	02	23	MY	SG	0	0	DNH		-6	1321	1298	−1	+2	126	131
1997	02	25	FI	SG	1	0	DNH	MY	9	1453	1289	+5	−2	88	133
1997	04	13	LB	SG	1	1	WQ		-11	1398	1300	−3	+3	107	131
1997	04	26	SG	KW	0	1	WQ		-10	1290	1610	−3	0	134	55
1997	05	24	SG	LB	1	2	WQ		-19	1271	1422	−1	+11	135	96
1997	06	05	KW	SG	4	0	WQ		5	1632	1266	+2	−1	49	136
1997	10	07	MM	SG	2	2	SEG	ID	8	1137	1258	+2	0	165	138
1997	10	09	SG	KH	2	1	SEG	ID	7	1265	992	0	−1	138	188
1997	10	12	SG	BN	1	0	SEG	ID	2	1267	789	0	0	138	205
1997	10	14	SG	TH	0	0	SEG	ID	10	1277	1439	+2	−2	136	94
1997	10	16	ID	SG	2	1	SEG		12	1336	1265	+3	−1	123	137
1997	10	18	VN	SG	1	0	SEG	ID	25	1192	1240	+7	−2	156	139
1998	03	24	SG	PH	1	0	SEQ		1	1241	711	0	0	140	209
1998	03	28	SG	KH	3	0	SEQ		9	1250	1006	+1	0	139	187
1998	08	26	SG	MY	2	0	SEA	VN	32	1282	1236	+4	−5	134	141
1998	08	28	VN	SG	0	0	SEA		-1	1202	1283	−2	+1	153	133
1998	08	30	SG	LA	4	1	SEA	VN	11	1294	988	+2	−2	131	191
1998	09	02	SG	ID	2	1	SEA	VN	23	1317	1318	+5	−5	126	125
1998	09	05	VN	SG	0	1	SEA		-23	1242	1340	−3	+5	140	121
1998	11	25	SG	AE	0	4	F		-14	1326	1546	−4	+5	124	65
1999	01	29	VN	SG	1	0	DNH		15	1238	1311	+6	−3	142	128
1999	06	29	SG	NZ	0	1	F		-7	1304	1535	−1	+1	130	73
1999	07	31	SG	MY	2	1	SEG	BN	15	1319	1207	+4	0	127	151
1999	08	04	BN	SG	1	3	SEG		-4	776	1323	0	+1	206	126
1999	08	06	ID	SG	1	1	SEG	BN	-2	1358	1325	−1	0	117	126
1999	08	09	SG	KH	2	0	SEG	BN	7	1332	957	+4	0	122	192
1999	08	12	TH	SG	2	0	SEG	BN	22	1443	1310	+9	−8	94	130
1999	08	14	ID	SG	0	0	SEG	BN	-2	1336	1312	0	0	119	130
1999	12	28	MY	SG	1	0	F	AE	13	1220	1299	+1	−2	150	132
2000	02	07	SG	MY	3	1	F		8	1307	1212	+2	−1	129	151
2000	02	10	HK	SG	0	0	F		0	1195	1307	0	0	155	129
2000	02	13	JP	SG	3	0	SQ	MO	11	1615	1296	+1	−1	55	130
2000	02	16	MO	SG	0	1	SQ		-10	985	1306	−1	+1	190	129
2000	02	20	SG	BN	1	0	SQ	MO	2	1308	756	0	0	129	208
2000	06	02	SG	QA	1	5	F		-16	1292	1476	−4	+6	133	81
2000	10	08	HK	SG	1	0	F		10	1210	1282	+2	−2	152	134
2000	10	28	SG	LK	4	0	F		2	1284	889	0	0	134	198
2000	11	01	SG	ID	1	0	F		9	1293	1353	+2	−2	133	116
2000	11	05	SG	KH	1	0	SEA	TH	4	1297	922	+1	−1	132	196
2000	11	09	SG	LA	3	0	SEA	TH	8	1305	943	+5	0	127	192
2000	11	11	VN	SG	1	0	SEA	TH	21	1300	1284	+8	−9	129	136
2000	11	13	MY	SG	1	0	SEA	TH	22	1270	1262	+4	−5	139	141
2001	01	27	SG	TH	1	1	MKS		7	1269	1539	+1	−3	139	70
2001	02	03	SG	KG	0	1	WQ		-30	1239	1202	−7	+7	146	156
2001	02	06	SG	KW	1	1	WQ		13	1252	1605	+4	−1	142	58
2001	02	09	SG	BH	1	2	WQ		-23	1229	1328	−7	+4	149	123
2001	02	21	KW	SG	1	0	WQ		2	1621	1227	0	−1	57	150
2001	02	24	BH	SG	2	0	WQ	KW	21	1361	1206	+4	−6	116	156
2001	02	27	KG	SG	1	1	WQ	KW	2	1169	1204	0	0	163	156
2001	05	22	SG	NZ	3	0	TGB		42	1246	1498	+8	−8	147	75
2001	07	10	SG	SA	0	3	F		-4	1242	1698	−1	0	146	36
2001	08	13	SG	TH	0	5	F		-11	1231	1511	−4	+3	150	74
2002	02	07	SG	KP	2	1	F		14	1245	1459	+6	−3	145	88
2002	02	10	TH	SG	4	0	KNG		9	1446	1236	+3	−5	94	150
2002	02	12	KP	SG	4	2	KNG	TH	10	1474	1226	+1	−3	85	153
2002	02	14	QA	SG	3	0	KNG	TH	7	1566	1219	+2	0	61	153
2002	02	16	QA	SG	2	0	KNG	TH	5	1571	1214	+1	0	60	153
2002	04	09	SG	MV	2	0	F		3	1217	895	0	0	153	196
2002	05	21	SG	UY	1	2	TGC		-2	1215	1811	0	0	153	21
2002	07	16	MY	SG	1	2	F		-14	1261	1229	−6	+2	144	151
2002	11	10	SG	ID	1	1	TGC		1	1230	1358	0	−1	149	123
2002	11	30	JO	SG	3	1	IND	AE	9	1471	1221	+4	−4	85	153
2002	12	11	SG	PH	2	0	F		1	1222	709	0	0	153	212
2002	12	18	SG	MY	0	4	SEA		-44	1178	1301	−3	+11	156	131
2002	12	20	SG	LA	2	1	SEA		4	1182	883	0	0	156	198
2002	12	22	SG	TH	1	1	SEA		7	1189	1395	+1	−1	155	107
2003	03	04	SG	MV	4	1	F		4	1193	942	0	−1	156	193
2003	03	23	SG	MO	2	0	SQ		5	1198	860	0	0	155	203
2003	03	25	SG	PK	3	0	SQ		6	1204	878	0	0	155	198
2003	08	04	SG	HK	4	1	F		12	1216	1183	+1	−3	152	158
2003	09	04	SG	KW	1	3	SQ		-17	1199	1501	−1	+8	154	75
2003	09	16	SG	OM	1	3	F		-9	1190	1453	0	+4	155	91
2003	09	27	KW	SG	4	0	SQ		6	1527	1184	0	0	71	155
2003	10	19	SG	PS	2	0	SQ		29	1213	1245	+2	−7	153	145
2003	10	22	SG	PS	0	0	SQ		-4	1209	1249	0	+1	153	144
2003	11	19	QA	SG	2	0	SQ		6	1497	1203	+1	0	82	153
2003	11	29	SG	QA	0	2	SQ		-15	1188	1512	−2	+4	155	78
2004	01	28	SG	NO	2	5	TGC		-3	1185	1764	−1	+1	156	27
2004	02	18	IN	SG	1	0	WQ		16	1171	1169	+6	−3	158	159
2004	03	31	SG	JP	1	2	WQ		-2	1167	1789	−1	+2	160	22
2004	06	09	OM	SG	7	0	WQ		5	1563	1162	+1	−3	68	163
2004	07	12	MY	SG	2	0	F		9	1208	1153	+1	−1	154	164
2004	09	04	SG	ID	2	0	F		18	1171	1313	+4	−4	160	127
2004	09	08	SG	OM	0	2	WQ		-8	1163	1595	−4	−2	164	64
2004	10	08	SG	AE	1	2	F		-7	1156	1392	0	+3	164	107
2004	10	13	SG	IN	2	0	WQ		22	1178	1145	+4	−5	160	165
2004	11	01	SG	MY	1	2	F		-12	1166	1206	−1	+1	161	154
2004	11	17	JP	SG	1	0	WQ		0	1867	1166	0	−2	14	164
2004	11	27	SG	MM	1	0	TGF		9	1175	1111	+1	0	163	170
2004	11	30	SG	HK	0	0	TGF		-3	1172	1214	−1	+1	163	152
2004	12	07	VN	SG	1	1	SEA		-9	1224	1181	−2	+1	149	162
2004	12	09	ID	SG	0	0	SEA	VN	-8	1316	1189	0	+3	125	159
2004	12	13	SG	LA	6	2	SEA	VN	12	1201	886	+5	0	153	198
2004	12	15	SG	KH	3	0	SEA	VN	8	1209	828	+1	−1	152	204
2004	12	29	SG	MM	4	3	SEA	MY	17	1226	1145	+3	−2	150	166
2005	01	02	SG	MM	4	2	SEA		16	1242	1129	+7	−3	143	169
2005	01	08	ID	SG	1	3	SEA		-47	1313	1289	−14	+9	128	134
2005	01	16	SG	ID	2	1	SEA		16	1305	1297	+3	−5	131	133
2005	06	04	SG	MY	2	0	CWY		11	1316	1206	+4	−4	126	154
2005	06	08	MY	SG	1	2	F		-10	1196	1326	−2	+1	156	124
2005	10	11	KH	SG	0	2	F		-3	825	1329	−2	+1	206	120
2006	02	03	KW	SG	2	2	F		-5	1423	1334	−1	0	100	119
2006	02	06	OM	SG	1	0	F	QA	4	1567	1330	0	0	67	119
2006	02	15	HK	SG	1	1	F		0	1231	1330	0	0	146	119
2006	02	22	SG	IQ	2	0	SQ		43	1373	1542	+12	−10	108	71
2006	03	01	PS	SG	1	0	SQ	JO	26	1298	1347	+4	−7	132	115
2006	05	31	SG	MY	0	0	TGC		-9	1338	1201	−3	+1	118	157
2006	06	03	MY	SG	0	0	TGC		2	1203	1336	−1	−3	158	121
2006	08	12	HK	SG	1	2	F		-10	1217	1346	−3	+6	151	116
2006	08	16	CN	SG	1	0	SQ		5	1609	1341	0	−4	58	120
2006	09	06	SG	CN	0	0	SQ		9	1350	1600	+1	−4	118	60
2006	10	11	IQ	SG	4	2	SQ	AE	13	1593	1337	+4	−3	60	120
2006	11	11	SG	ID	1	2	F		-15	1322	1283	−3	+7	123	132
2006	12	24	KZ	SG	0	0	KNG	TH	-1	1343	1323	−1	0	120	124
2006	12	26	TH	SG	2	0	KNG		15	1351	1308	+5	−5	116	129
2006	12	28	VN	SG	3	2	KNG	TH	19	1234	1289	+6	−4	146	133
2007	01	07	SG	PH	4	1	F		1	1290	767	0	0	133	211
2007	01	13	SG	VN	0	0	SEA		-9	1281	1233	−1	+5	134	146
2007	01	15	SG	LA	11	0	SEA		7	1288	906	+1	0	133	197
2007	01	17	SG	ID	2	2	SEA		-6	1282	1293	−1	+1	134	133
2007	01	23	MY	SG	1	1	SEA		0	1179	1282	0	0	165	134
2007	01	27	SG	MY	1	1	SEA		-11	1271	1190	−4	+7	138	158
2007	01	31	SG	TH	2	1	SEA		20	1291	1347	+4	−5	134	117
2007	02	04	TH	SG	1	1	SEA		-8	1339	1299	−4	+3	121	131
2007	06	24	SG	KP	2	1	FT		19	1318	1474	+6	−1	126	90
2007	06	27	SG	SA	1	2	FT		-8	1310	1603	−2	+2	128	58
2007	06	30	SG	AU	0	3	F		-4	1306	1759	−1	0	129	34
2007	09	12	SG	AE	1	1	F		2	1308	1483	0	0	130	86
2007	10	04	BH	SG	3	1	F		6	1444	1302	+1	−3	97	133
2007	10	08	SG	PS	4	0	WQ	QA	33	1335	1226	+11	−10	122	151
2007	11	09	SG	TJ	2	0	WQ		22	1357	1318	+8	−8	115	127
2007	11	18	TJ	SG	1	1	WQ		-3	1315	1360	0	0	127	115
2008	01	24	SG	KW	2	0	F	OM	18	1378	1420	+4	−3	111	102
2008	01	27	OM	SG	2	0	F		6	1538	1372	+1	−2	77	113
2008	01	31	JO	SG	2	1	F		4	1530	1368	0	−2	80	114
2008	02	06	SA	SG	2	0	WQ		6	1656	1362	+3	0	46	114
2008	03	22	SG	AU	0	0	F		7	1369	1730	0	0	114	38
2008	03	26	SG	LB	2	0	WQ		18	1387	1303	+5	−5	109	130
2008	05	28	SG	BH	0	1	F		-9	1378	1543	0	+3	110	74
2008	06	02	SG	UZ	3	7	WQ		-24	1354	1636	−4	+4	114	50
2008	06	07	UZ	SG	1	0	WQ		4	1640	1350	+1	0	49	114
2008	06	14	SG	SA	0	2	WQ		-15	1335	1655	−1	+2	119	47
2008	06	22	LB	SG	1	2	WQ		-24	1282	1359	−4	+3	131	118
2008	10	14	VN	SG	0	0	F		1	1238	1358	0	0	146	118
2008	11	26	SG	VN	2	2	F		-5	1353	1254	0	0	120	140
2008	11	29	MY	SG	2	2	F		2	1176	1351	0	−1	162	121
2008	12	05	SG	KH	5	0	SEA	ID	3	1354	778	+1	0	120	210
2008	12	07	SG	MM	3	1	SEA	ID	16	1370	1166	+3	−4	117	165
2008	12	09	ID	SG	0	2	SEA		-32	1260	1402	−8	+7	140	110
2008	12	17	VN	SG	0	0	SEA		2	1270	1400	0	−2	137	112
2008	12	21	SG	VN	0	1	SEA		-32	1368	1302	−6	+7	118	130
2009	01	14	IR	SG	6	0	SQ		4	1781	1364	+1	−2	23	120
2009	01	28	SG	JO	2	1	SQ		23	1387	1486	+5	−4	115	88
2009	08	12	SG	CN	1	1	F		1	1388	1535	+2	−2	112	77
2009	10	22	SG	TM	4	2	HCM	VN	18	1406	1305	+4	−5	108	131
2009	10	24	VN	SG	2	2	HCM		-2	1361	1408	0	0	119	108
2009	11	04	SG	ID	3	1	F		6	1414	1265	+1	−1	109	136
2009	11	14	SG	TH	1	3	SQ		-34	1380	1499	−5	+6	114	86
2009	11	18	TH	SG	0	1	SQ		-31	1468	1411	−5	+2	91	111
2009	12	28	SG	OM	0	0	F		2	1413	1583	0	−1	110	63
2009	12	31	SG	OM	1	4	F		-14	1399	1597	−1	+4	111	59
2010	01	06	SG	IR	1	3	SQ		-18	1381	1663	−3	+1	114	48
2010	01	17	TH	SG	1	0	KNG		8	1478	1373	+2	−2	91	117
2010	01	23	PL	SG	6	1	KNG	TH	10	1661	1363	+1	0	49	117
2010	03	03	JO	SG	2	1	SQ		10	1458	1353	+4	−1	94	119
2010	08	11	TH	SG	1	0	F		5	1449	1348	+2	−1	97	121
2010	11	02	KP	SG	2	1	VFF	VN	9	1501	1339	+2	0	88	122
2010	11	04	VN	SG	1	1	VFF		-4	1320	1343	−1	0	129	122
2010	11	26	SG	LA	4	0	F		1	1344	865	0	0	120	202
2010	12	02	PH	SG	1	1	SEA	VN	18	891	1326	+2	−4	200	123
2010	12	05	SG	MM	2	1	SEA	VN	11	1337	1139	+1	−3	123	171
2010	12	08	VN	SG	1	0	SEA		19	1282	1318	+3	−3	138	126
2011	06	07	SG	MV	4	0	F		7	1325	1167	0	−1	126	165
2011	07	18	SG	TW	3	2	F		1	1326	919	0	0	126	196
2011	07	23	SG	MY	5	3	WQ		14	1340	1213	+3	−2	123	153
2011	07	28	MY	SG	1	1	WQ		2	1215	1338	0	0	153	123
2011	08	24	TH	SG	0	0	F		-4	1390	1342	−1	0	111	122
2011	09	02	CN	SG	2	1	WQ		3	1663	1339	+1	0	47	122
2011	09	06	SG	IQ	0	2	WQ		-23	1316	1540	−8	+9	130	73
2011	10	07	SG	PH	2	0	F		3	1319	1026	0	−1	129	184
2011	10	11	SG	JO	0	3	WQ		-21	1298	1587	−2	+4	131	65
2011	11	11	JO	SG	2	0	WQ		6	1593	1292	+4	−3	60	134
2011	11	15	SG	CN	0	4	WQ		-18	1274	1610	−4	+3	138	58
2012	02	24	AZ	SG	2	2	F	AE	-4	1402	1278	−1	0	107	138
2012	02	29	IQ	SG	7	1	WQ	QA	13	1585	1265	+9	−1	61	139
2012	06	01	HK	SG	1	0	F		9	1214	1256	+3	−3	153	145
2012	06	08	SG	MY	2	2	CSW		-6	1250	1210	−1	+1	147	155
2012	06	12	MY	SG	2	0	CSW		19	1229	1231	+3	−5	151	150
2012	08	15	SG	HK	2	0	F		10	1241	1193	+3	−2	147	158
2012	09	07	SG	PH	0	2	F		-23	1218	1153	−4	+5	152	167
2012	09	11	MM	SG	1	1	F		3	1018	1215	0	0	187	152
2012	10	16	SG	IN	2	0	F		9	1224	1152	+2	−3	150	167
2012	11	15	PH	SG	1	0	F		9	1163	1215	+3	−2	163	152
2012	11	19	SG	PK	4	0	F		3	1218	911	0	0	152	200
2012	11	25	MY	SG	0	3	SEA		-44	1167	1262	−9	+8	162	143
2012	11	28	ID	SG	1	0	SEA	MY	21	1268	1241	+4	−4	142	146
2012	12	01	SG	LA	4	3	SEA	MY	4	1245	857	+2	0	144	207
2012	12	08	PH	SG	0	0	SEA		-3	1199	1248	0	−1	156	145
2012	12	12	SG	PH	1	0	SEA		12	1260	1187	+2	−3	143	159
2012	12	19	SG	TH	3	1	SEA		34	1294	1375	+4	−9	139	116
2012	12	22	TH	SG	1	0	SEA		10	1385	1284	+5	−1	111	140
2013	02	01	BH	SG	3	1	F		6	1442	1278	0	0	102	140
2013	02	06	JO	SG	4	0	SQ		11	1504	1267	+4	−1	85	141
2013	06	04	MM	SG	0	2	F		-9	1006	1276	−2	+1	189	140
2013	06	07	LA	SG	2	5	F		-5	865	1281	0	0	205	140
2013	08	14	SG	OM	0	2	SQ		-17	1264	1559	−4	+7	143	69
2013	09	06	CN	SG	6	1	F		3	1611	1261	0	+1	55	142
2013	09	10	HK	SG	1	0	F		9	1200	1252	+3	−2	158	144
2013	10	10	SG	LA	1	0	F		1	1253	864	0	0	144	205
2013	10	15	SG	SY	2	1	SQ		28	1281	1476	+4	−7	139	92
2013	11	15	SY	SG	4	0	SQ	IR	19	1486	1262	+2	−4	91	143
2014	02	04	SG	JO	1	3	SQ		-13	1249	1597	−2	+6	145	57
2014	03	05	OM	SG	3	1	SQ		5	1564	1244	+1	0	68	145
2014	09	06	SG	PG	2	1	F		3	1247	1057	0	−1	145	184
2014	09	09	SG	HK	0	0	F		-5	1242	1158	0	+2	144	169
2014	10	10	HK	SG	2	1	F		10	1168	1232	+1	−1	169	146
2014	10	14	MO	SG	2	2	F		9	638	1223	+4	−4	226	152
2014	11	07	BH	SG	2	0	F		3	1491	1220	+1	0	90	152
2014	11	13	SG	LA	2	0	F		2	1222	861	+1	0	151	207
2014	11	17	SG	KH	4	2	F		1	1223	720	0	0	153	217
2014	11	23	SG	TH	1	2	SEA		-20	1203	1345	−3	+6	157	122
2014	11	26	SG	MM	4	2	SEA		14	1217	1075	0	0	156	179
2014	11	29	SG	MY	1	3	SEA		-44	1173	1188	−8	+7	164	163
2015	03	26	TH	SG	2	0	F		5	1370	1168	+2	−2	116	166
2015	03	31	SG	GU	2	2	F		-9	1159	814	−1	0	167	208
2015	05	30	BD	SG	1	2	F		-7	954	1166	0	0	195	168
2015	06	06	SG	BN	5	1	F		1	1167	616	0	0	168	232
2015	06	11	KH	SG	0	4	WQS		-11	743	1178	0	+2	215	166
2015	06	16	JP	SG	0	0	WQS		-19	1757	1197	−2	+4	26	162
2015	08	28	QA	SG	4	0	F		3	1551	1194	+1	0	68	162
2015	09	03	SY	SG	1	0	WQS	OM	5	1526	1189	0	−1	77	163
2015	10	08	SG	AF	1	0	WQS		10	1199	1084	0	−2	161	181
2015	10	13	SG	KH	2	1	WQS		1	1200	731	+1	0	160	216
2015	11	12	SG	JP	0	3	WQS		-5	1195	1750	−2	+2	162	29
2015	11	17	SG	SY	1	2	WQS		-9	1186	1519	−1	+3	163	79
2016	03	24	SG	MM	2	1	F		4	1190	1032	+2	0	162	186
2016	03	29	AF	SG	2	1	WQS	IR	23	1152	1167	+5	−5	170	168
2016	06	03	MM	SG	0	1	AYA		-14	1034	1181	0	+2	186	166
2016	06	06	VN	SG	3	0	AYA	MM	22	1256	1159	+4	−2	146	170
2016	07	28	KH	SG	2	1	F		17	786	1142	0	−1	211	171
2016	09	01	BH	SG	3	1	F		3	1431	1139	+2	0	101	171
2016	10	07	SG	MY	0	0	CSW		-5	1134	1127	−1	+1	172	174
2016	10	11	HK	SG	2	0	F		9	1201	1125	+1	−1	165	173
2016	11	09	SY	SG	2	0	F	MY	3	1533	1122	0	−1	74	174
2016	11	13	SG	KH	1	0	F		2	1124	824	−1	0	175	208
2016	11	19	PH	SG	0	0	SEA		-12	1252	1136	−3	+4	147	171
2016	11	22	TH	SG	1	0	SEA	PH	7	1401	1129	+2	−1	108	173
2016	11	25	ID	SG	2	1	SEA	PH	16	1219	1113	+7	−4	156	176
2017	03	23	AF	SG	2	1	F	QA	9	1154	1104	0	0	170	176
2017	03	28	BH	SG	0	0	SQ		-17	1409	1121	−5	+1	105	175
2017	06	06	SG	MM	1	1	F		-4	1117	1064	0	0	176	184
2017	06	10	SG	TW	1	2	SQ		-36	1081	891	−5	+3	180	202
2017	06	13	SG	AR	0	6	F		0	1081	2017	0	0	180	3
2017	08	31	SG	HK	1	1	F		1	1082	1203	0	0	181	164
2017	09	05	SG	TM	1	1	SQ		4	1086	1249	+2	−2	179	146
2017	10	05	QA	SG	3	1	F		2	1494	1084	0	−1	85	180
2017	10	10	TM	SG	2	1	SQ		7	1256	1077	+1	−2	145	181
2017	11	09	SG	LB	0	1	F		-4	1073	1444	−2	0	183	96
2017	11	14	SG	BH	0	3	SQ		-16	1057	1401	−3	+1	185	108
2018	03	23	SG	MV	3	2	F		5	1062	939	0	0	183	197
2018	03	27	TW	SG	1	0	SQ		19	997	1043	+2	−3	191	186
2018	09	07	SG	MU	1	1	F		-2	1041	1075	0	+1	186	179
2018	09	11	SG	FJ	2	0	F		19	1060	1207	+2	−3	185	159
2018	10	12	SG	MN	2	0	F		2	1062	694	+1	0	184	220
2018	10	16	KH	SG	1	2	F		-6	799	1068	0	+3	207	181
2018	11	09	SG	ID	1	0	SEA		24	1092	1217	+5	−7	177	158
2018	11	13	PH	SG	1	0	SEA		10	1201	1082	+2	−2	165	179
2018	11	21	SG	TL	6	1	SEA		4	1086	648	+2	0	178	228
2018	11	25	TH	SG	3	0	SEA		6	1411	1080	0	−1	103	180
2019	03	20	MY	SG	0	1	AIM		-21	1110	1101	−1	+4	175	177
2019	03	23	OM	SG	1	1	AIM	MY	-12	1502	1113	−1	+1	80	176
2019	06	08	SG	SB	4	3	F		10	1123	1209	+2	−4	174	159
2019	06	11	SG	MM	1	2	F		-15	1108	1057	−3	+1	177	186
2019	09	05	SG	YE	2	2	WQS		-1	1107	1194	0	0	179	159
2019	09	10	SG	PS	2	1	WQS		33	1140	1429	+6	−7	173	97
2019	10	05	JO	SG	0	0	F		-9	1498	1149	−3	+1	83	172
2019	10	10	SA	SG	3	0	WQS		5	1483	1144	0	0	87	172
2019	10	15	SG	UZ	1	3	WQS		-7	1137	1597	−3	0	176	57
2019	11	14	QA	SG	2	0	F		1	1719	1136	0	−1	39	177
2019	11	19	SG	YE	2	1	WQS	BH	25	1161	1209	+8	−8	169	156
2021	05	29	AF	SG	1	1	F	AE	0	1149	1161	0	0	174	169
2021	06	03	PS	SG	4	0	WQS	SA	15	1414	1146	+3	−4	100	173
2021	06	07	UZ	SG	5	0	WQS	SA	7	1569	1139	+2	0	66	173
2021	06	11	SA	SG	3	0	WQS		3	1583	1136	+1	−2	63	175
2021	11	11	KG	SG	2	1	F	AE	6	1283	1130	+1	−2	140	176
2021	12	05	SG	MM	3	0	SEA		14	1144	981	+6	0	171	191
2021	12	08	SG	PH	2	1	SEA		14	1158	1127	+3	−4	168	177
2021	12	14	SG	TL	2	0	SEA		2	1160	627	0	−1	168	229
2021	12	18	SG	TH	0	2	SEA		-25	1135	1339	−7	+11	175	118
2021	12	22	SG	ID	1	1	SEA		-2	1133	1198	−1	+1	176	158
2021	12	25	SG	ID	2	4	SEA		-33	1100	1231	−2	+7	178	151
2022	03	26	SG	MY	2	1	FT		14	1114	1155	+1	−5	177	170
2022	03	29	SG	PH	2	0	FT		16	1130	1095	+1	−2	175	179
2022	06	01	KW	SG	2	0	F	AE	7	1351	1123	0	−1	115	175
2022	06	08	KG	SG	2	1	SQ		8	1268	1115	+4	0	142	175
2022	06	11	TJ	SG	1	0	SQ	KG	11	1302	1104	+2	−1	135	176
2022	06	14	SG	MM	6	2	SQ	KG	22	1126	931	+3	0	173	194
2022	09	21	VN	SG	4	0	VFF		7	1384	1119	+1	0	110	173
2022	09	24	IN	SG	1	1	VFF	VN	-5	1230	1124	0	+1	154	172
2022	12	17	SG	MV	3	1	F		5	1129	929	+1	−1	172	197
2022	12	24	SG	MM	3	2	SEA		6	1135	916	+1	0	171	197
2022	12	27	LA	SG	0	2	SEA		-6	646	1141	0	+2	227	169
2022	12	30	SG	VN	0	0	SEA		9	1150	1401	0	−1	169	102
2023	01	03	MY	SG	4	1	SEA		19	1235	1131	+5	−3	153	172
2023	03	23	HK	SG	1	1	F		-3	1136	1134	−1	0	170	172
2023	03	26	MO	SG	0	1	F		-3	695	1137	0	+2	219	170
2023	06	16	SG	PG	2	2	F		0	1137	1223	+1	0	169	157
2023	06	18	SG	SB	1	1	F		0	1137	1240	0	0	169	151
2023	09	08	SG	TJ	0	2	F		-11	1126	1337	0	+4	169	120
2023	09	12	SG	TW	3	1	F		5	1131	920	0	0	170	195
2023	10	12	SG	GU	2	1	WQS		2	1133	704	0	0	170	217
2023	10	17	GU	SG	0	1	WQS		-5	699	1138	0	+2	217	167
2023	11	16	KR	SG	5	0	WQS		1	1782	1137	+1	0	27	167
2023	11	21	SG	TH	1	3	WQS		-19	1118	1384	−2	+3	170	108
2024	03	21	SG	CN	2	2	WQS		10	1128	1400	0	0	169	103
2024	03	26	CN	SG	4	1	WQS		7	1407	1121	0	0	104	169
2024	06	06	SG	KR	0	7	WQS		-5	1116	1737	−1	0	170	37
2024	06	11	TH	SG	3	1	WQS		5	1428	1111	+1	0	98	170
2024	11	14	SG	MM	3	2	F		3	1114	912	−4	−1	173	197
2024	11	18	SG	TW	2	3	F		-17	1097	908	0	+4	172	198
2024	12	11	SG	KH	2	1	SEA		5	1102	843	0	−1	172	206
2024	12	14	SG	TL	3	0	SEA	VN	5	1107	667	+1	0	171	224
2024	12	17	SG	TH	2	4	SEA		-12	1095	1457	−2	+2	173	89
2024	12	20	MY	SG	0	0	SEA		-13	1255	1108	−3	+2	152	171
2024	12	26	SG	VN	0	2	SEA		-24	1084	1298	−6	+11	177	137
2024	12	29	VN	SG	3	1	SEA		8	1306	1076	+2	−1	135	178
2025	03	21	SG	NP	0	1	F		-16	1060	953	−1	+4	179	189
2025	03	25	SG	HK	0	0	SQ		-1	1059	1138	0	0	179	165
2025	06	05	SG	MV	3	1	F		5	1064	872	+2	0	176	203
2025	06	10	BD	SG	1	2	SQ		-18	907	1082	−3	+1	199	176
2025	09	04	MY	SG	2	1	F		3	1294	1079	+1	0	138	176
2025	09	09	SG	MM	1	1	F		-6	1073	957	−1	0	177	190
2025	10	09	SG	IN	1	1	SQ		0	1073	1181	0	−1	177	161
2025	10	14	IN	SG	1	2	SQ		-31	1150	1104	−4	+3	164	174
2025	11	13	TH	SG	3	2	F		2	1363	1102	+1	−1	114	175
2025	11	18	HK	SG	1	2	SQ		-29	1135	1131	−4	+7	166	168
2026	03	31	SG	BD	1	0	SQ		6	1137	932	+1	−1	167	196