1992	06	01	KZ	TM	1	0	CAU		11	1586	1489	+3	−	57	76
1992	06	28	UZ	TM	2	1	CAU		6	1696	1483	+1	−4	33	81
1992	07	11	TM	TJ	3	3	CAU		-9	1474	1419	−1	+3	82	95
1992	09	14	TM	KZ	1	1	CAU		3	1477	1615	+2	0	78	52
1992	10	14	TM	KG	4	0	CAU		8	1485	1196	0	−1	78	152
1992	10	25	TM	UZ	1	0	CAU		25	1510	1651	+5	−8	73	42
1993	06	02	TM	TJ	6	0	FT		16	1526	1403	+4	−3	71	101
1993	06	07	TM	PK	4	0	ECO	IR	2	1528	971	0	0	71	189
1993	06	08	IR	TM	2	1	ECO		7	1628	1521	+3	−1	45	72
1993	06	14	IR	TM	2	1	ECO		7	1639	1514	+2	−2	43	74
1994	04	11	UZ	TM	4	0	CAU		16	1660	1498	+7	−5	38	78
1994	04	13	TM	KG	5	1	CAU	UZ	11	1509	1187	+5	−3	73	157
1994	04	15	KZ	TM	0	0	CAU	UZ	-6	1604	1515	0	+1	56	73
1994	04	19	TM	TJ	2	0	CAU	UZ	20	1535	1375	+3	−8	71	111
1994	10	01	CN	TM	2	2	ASG	JP	1	1519	1534	+3	0	72	68
1994	10	05	IR	TM	1	1	ASG	JP	-1	1559	1535	0	−1	65	69
1994	10	07	TM	YE	4	0	ASG	JP	11	1546	1209	+2	−2	67	153
1994	10	09	BH	TM	2	2	ASG	JP	7	1423	1539	+2	−3	96	70
1994	10	11	UZ	TM	3	0	ASG	JP	19	1729	1520	+1	−3	29	73
1996	03	10	TM	KW	2	2	SQ		-6	1514	1517	−2	+2	75	73
1996	03	22	KW	TM	2	0	SQ		22	1525	1492	+3	−7	73	81
1996	04	26	TM	IR	1	1	F		-1	1491	1549	0	0	81	68
1996	04	28	TM	IR	1	0	F		9	1500	1540	+2	−1	79	69
1996	05	12	LB	TM	3	1	SQ		36	1361	1464	+4	−9	116	88
1996	05	26	TM	LB	0	1	SQ		-31	1433	1392	−11	+9	98	107
1996	11	25	IR	TM	0	1	F		-16	1571	1449	−2	+4	61	93
1997	03	22	AZ	TM	3	0	F		15	1416	1434	+4	−3	103	95
1997	04	25	TM	AZ	2	0	F		9	1443	1383	+2	−3	93	112
1997	05	04	TM	CN	1	4	WQ		-27	1416	1647	−9	+8	102	44
1997	05	11	TM	VN	2	1	WQ		6	1422	1216	+6	−2	96	149
1997	05	25	TM	TJ	1	2	WQ		-26	1396	1443	−12	+11	108	92
1997	06	01	CN	TM	1	0	WQ		4	1672	1392	0	0	41	108
1997	06	08	VN	TM	0	4	WQ		-26	1159	1418	−3	+5	163	102
1997	06	22	TJ	TM	5	0	WQ		22	1503	1396	+5	−5	76	106
1998	11	21	TH	TM	3	3	F		-3	1392	1399	0	+2	108	105
1998	11	26	TM	QA	4	1	F	TH	22	1421	1471	+4	−5	101	84
1998	11	30	TM	VN	2	0	ASG	TH	16	1437	1228	+3	−6	98	145
1998	12	02	TM	KR	3	2	ASG	TH	34	1471	1692	+14	−9	84	39
1998	12	07	TM	IN	3	2	ASG	TH	5	1476	1112	+4	−3	81	172
1998	12	09	KP	TM	1	1	ASG	TH	1	1459	1475	0	0	89	81
1998	12	11	TM	UZ	1	1	ASG	TH	5	1480	1568	+1	−2	79	63
1998	12	14	CN	TM	3	0	ASG	TH	17	1691	1463	+3	−8	39	87
1999	10	30	AE	TM	3	1	FRT		14	1514	1449	+6	−7	71	95
1999	11	01	IQ	TM	3	0	FRT	AE	14	1638	1435	+2	−4	48	99
1999	11	03	EE	TM	1	1	FRT	AE	5	1327	1430	+1	−1	124	100
2000	02	10	KW	TM	6	1	SQ		11	1660	1419	+1	−3	45	100
2000	02	12	TM	YE	1	0	SQ	KW	9	1428	1198	+3	−1	97	153
2000	02	14	TM	NP	5	0	SQ	KW	2	1430	785	0	0	97	206
2000	02	16	TM	BT	8	0	SQ	KW	1	1431	564	0	0	97	223
2000	10	08	UZ	TM	3	0	F		9	1525	1422	+1	−3	74	97
2001	04	23	TM	JO	2	0	WQ	UZ	32	1454	1413	+9	−13	87	103
2001	04	25	UZ	TM	1	0	WQ		15	1454	1439	+5	−5	87	92
2001	04	27	TM	TW	5	0	WQ	UZ	7	1446	1020	+1	0	91	185
2001	05	03	UZ	TM	5	2	WQ	JO	35	1482	1411	+8	−12	82	103
2001	05	05	JO	TM	1	2	WQ		-27	1403	1438	−10	+11	104	92
2001	05	07	TM	TW	1	0	WQ	JO	3	1441	1008	0	0	91	187
2003	10	19	TM	AE	1	0	SQ		12	1453	1390	+4	−3	92	112
2003	10	30	AE	TM	1	1	SQ		-2	1388	1455	0	0	112	90
2003	11	09	TM	LK	1	0	SQ		1	1456	940	0	0	90	193
2003	11	12	TM	LK	3	0	SQ		2	1458	938	+1	0	89	193
2003	11	19	TM	AF	11	0	WQ		2	1460	828	+1	0	89	207
2003	11	23	AF	TM	0	2	WQ		-3	825	1463	0	0	207	89
2003	11	28	SY	TM	1	1	SQ		0	1371	1463	0	0	114	89
2004	02	18	TM	LK	2	0	WQ		2	1465	960	+3	−1	83	191
2004	03	17	YE	TM	1	2	F		-5	1155	1470	−2	+1	165	84
2004	03	31	TM	ID	3	1	WQ		12	1482	1325	+1	0	83	126
2004	04	28	AM	TM	1	0	F		8	1464	1474	+1	0	88	83
2004	05	31	QA	TM	5	0	F		13	1514	1461	0	−5	76	89
2004	06	09	SA	TM	3	0	WQ		9	1701	1452	+4	−4	38	92
2004	07	18	SA	TM	2	2	AC	CN	-15	1686	1467	−3	+10	36	88
2004	07	22	IQ	TM	3	2	AC	CN	23	1524	1444	+4	−9	75	98
2004	07	26	UZ	TM	1	0	AC	CN	17	1584	1427	+4	−2	62	100
2004	09	08	TM	SA	0	1	WQ		-15	1412	1626	−1	+2	102	56
2004	10	09	LK	TM	2	2	WQ		15	984	1397	+1	−2	190	104
2004	11	17	ID	TM	3	1	WQ		31	1318	1366	+5	−8	126	112
2005	01	29	SA	TM	1	0	F		3	1580	1363	0	−1	68	112
2005	01	30	SA	TM	1	2	F		-17	1563	1380	0	+5	68	107
2005	08	03	BH	TM	5	0	F		6	1597	1374	+1	−1	61	107
2007	06	25	QA	TM	1	0	F		4	1508	1370	+1	−1	80	112
2007	08	22	LT	TM	2	1	F		4	1502	1366	+3	−1	79	114
2007	10	11	KH	TM	0	1	WQ		-3	802	1369	0	0	206	113
2007	10	28	TM	KH	4	1	WQ		1	1370	801	0	0	113	206
2007	11	10	HK	TM	0	0	WQ		3	1224	1367	0	0	151	113
2007	11	18	TM	HK	3	0	WQ		14	1381	1210	+3	−2	111	153
2008	02	06	KR	TM	4	0	WQ		8	1663	1373	0	−1	45	110
2008	03	26	TM	JO	0	2	WQ		-29	1344	1513	−6	+7	116	83
2008	05	18	OM	TM	2	1	F		4	1513	1340	+5	−2	82	118
2008	06	02	TM	KP	0	0	WQ		4	1344	1506	+1	0	117	84
2008	06	07	KP	TM	1	0	WQ		7	1513	1337	+1	−2	84	119
2008	06	14	TM	KR	1	3	WQ		-12	1325	1688	−2	+3	122	42
2008	06	22	JO	TM	2	0	WQ		11	1490	1314	+1	−2	90	126
2008	07	30	TJ	TM	0	0	SQC	IN	1	1298	1313	0	0	128	125
2008	08	01	TM	AF	5	0	SQC	IN	4	1317	815	0	0	125	206
2008	08	03	IN	TM	2	1	SQC		24	1178	1293	+6	−3	163	128
2008	10	03	TM	MM	2	1	HCM	VN	10	1303	1174	+2	−2	128	163
2008	10	05	VN	TM	2	3	HCM		-17	1237	1320	−2	+5	145	124
2009	01	18	SY	TM	5	1	F	KW	8	1559	1312	+2	−3	67	128
2009	01	20	KW	TM	2	0	F		6	1460	1306	+3	0	92	128
2009	04	14	MV	TM	1	3	SCQ		-21	1073	1327	−3	+5	180	124
2009	04	16	TM	BT	7	0	SCQ	MV	2	1329	639	0	0	124	222
2009	04	18	TM	PH	5	0	SCQ	MV	4	1333	826	0	0	124	205
2009	10	20	VN	TM	1	0	HCM		10	1363	1323	+2	−2	119	126
2009	10	22	SG	TM	4	2	HCM	VN	18	1406	1305	+4	−5	108	131
2010	02	17	KP	TM	1	1	SQC	LK	-12	1528	1317	−1	+6	82	125
2010	02	19	TM	IN	1	0	SQC	LK	13	1330	1171	+3	−2	122	162
2010	02	21	TM	KG	1	0	SQC	LK	12	1342	1164	+2	−4	120	164
2010	02	24	TM	TJ	2	0	SQC	LK	26	1368	1271	+3	−4	117	136
2010	02	27	KP	TM	1	1	SQC	LK	-10	1544	1378	−3	+1	78	116
2011	03	21	TM	PK	3	0	SCQ	MY	4	1382	894	+2	0	113	199
2011	03	23	TM	TW	2	0	SCQ	MY	4	1386	924	+1	−1	112	194
2011	03	25	IN	TM	1	1	SCQ	MY	11	1175	1375	+3	−5	162	117
2011	07	23	TM	ID	1	1	WQ		-9	1366	1305	−2	+3	116	130
2011	07	28	ID	TM	4	3	WQ		18	1323	1348	+3	−5	127	121
2012	01	27	RO	TM	4	0	F	TR	4	1711	1344	0	0	37	121
2012	03	08	TM	MV	3	1	SQC	NP	12	1356	1093	+5	−2	116	177
2012	03	10	PS	TM	0	0	SQC	NP	5	1278	1351	+2	−2	138	118
2012	03	12	NP	TM	0	3	SQC		-10	932	1361	−2	+3	193	115
2012	03	16	TM	PH	2	1	SQC	NP	8	1369	1099	0	−2	115	177
2012	03	19	KP	TM	2	1	SQC	NP	11	1543	1358	+4	−1	75	116
2012	10	24	VN	TM	0	1	VFF		-17	1288	1375	−7	+4	140	115
2012	10	28	TM	LA	4	2	VFF	VN	2	1377	850	0	0	115	208
2013	03	22	TM	KH	7	0	SCQ	PH	2	1379	680	0	0	115	221
2013	03	26	PH	TM	1	0	SCQ		25	1223	1354	+7	−3	149	120
2014	05	20	TM	LA	5	1	SQC	MV	4	1358	848	0	0	123	206
2014	05	22	AF	TM	3	1	SQC	MV	50	1123	1308	+8	−8	174	131
2014	05	24	PH	TM	2	0	SQC	MV	39	1238	1269	+12	−8	146	139
2015	06	11	GU	TM	1	0	WQS		35	849	1234	+1	−5	207	145
2015	06	16	TM	IR	1	1	WQS		17	1251	1732	+6	−6	142	33
2015	09	03	OM	TM	3	1	WQS		7	1518	1244	+3	−2	78	143
2015	10	08	TM	IN	2	1	WQS		6	1250	1032	+3	0	143	185
2015	10	13	TM	GU	1	0	WQS		3	1253	891	+1	0	142	204
2015	11	05	AE	TM	5	1	F		2	1623	1251	+1	0	53	142
2015	11	12	IR	TM	3	1	WQS		2	1727	1249	+1	+1	35	141
2015	11	17	TM	OM	2	1	WQS		28	1277	1476	+7	−7	137	92
2016	03	29	IN	TM	1	2	WQS		-15	1071	1292	−1	+2	183	134
2016	08	08	OM	TM	1	0	F		3	1473	1289	0	−1	91	134
2016	10	11	KG	TM	1	0	F		9	1230	1280	+3	−5	152	141
2016	11	09	TJ	TM	3	0	F		15	1246	1265	+4	−3	148	144
2017	03	26	TW	TM	1	3	SQ		-9	855	1274	−2	+3	205	141
2017	06	13	TM	BH	1	2	SQ		-19	1255	1407	−4	+2	144	105
2017	08	23	QA	TM	2	1	F		2	1542	1253	0	0	74	143
2017	09	05	SG	TM	1	1	SQ		4	1086	1249	+2	−2	179	146
2017	10	10	TM	SG	2	1	SQ		7	1256	1077	+1	−2	145	181
2017	11	14	TM	TW	2	1	SQ		3	1259	927	0	0	146	198
2018	03	27	BH	TM	4	0	SQ		15	1417	1244	+4	−7	102	151
2018	12	25	TM	AF	2	0	F	TR	12	1256	1150	+5	−1	146	171
2018	12	28	AF	TM	2	2	F	TR	3	1153	1253	0	−2	171	148
2019	01	09	JP	TM	3	2	AC	AE	3	1733	1250	0	−1	35	150
2019	01	13	UZ	TM	4	0	AC	AE	10	1622	1240	+4	−2	51	152
2019	01	17	OM	TM	3	1	AC	AE	13	1518	1227	+3	0	79	152
2019	06	09	TM	UG	0	0	F	AE	5	1232	1431	+4	0	148	97
2019	09	05	LK	TM	0	2	WQS		-4	681	1236	0	+1	224	149
2019	09	10	TM	KR	0	2	WQS		-4	1232	1785	0	0	148	24
2019	10	10	LB	TM	2	1	WQS		7	1399	1225	+2	−2	104	150
2019	10	15	KW	TM	1	1	F		-7	1421	1232	−3	+2	101	150
2019	11	14	TM	KP	3	1	WQS		36	1268	1370	+6	−7	142	111
2019	11	19	TM	LK	2	0	WQS		1	1269	675	+2	0	140	226
2021	05	26	UZ	TM	2	1	F		2	1554	1267	+1	−1	69	141
2021	06	05	KR	TM	5	0	WQS		3	1762	1264	+1	−1	29	141
2021	06	09	TM	LB	3	2	WQS	KR	27	1291	1363	+6	−11	135	116
2022	05	27	TH	TM	1	0	F		4	1410	1287	0	−1	99	137
2022	06	08	MY	TM	3	1	SQ		32	1199	1255	+7	−12	161	147
2022	06	11	TM	BD	2	1	SQ	MY	4	1259	848	+1	+1	146	205
2022	06	14	BH	TM	1	0	SQ	MY	7	1523	1252	0	−3	78	149
2023	03	23	MY	TM	1	0	F		7	1248	1245	+3	−3	148	151
2023	06	11	TJ	TM	1	1	CNU	UZ	-5	1321	1250	−4	+2	128	148
2023	06	14	UZ	TM	2	0	CNU		4	1619	1246	+1	−2	56	150
2023	06	17	OM	TM	2	0	CNU	UZ	8	1571	1238	0	−4	67	153
2023	09	08	ID	TM	2	0	F		9	1296	1229	+2	−1	138	154
2023	09	12	BH	TM	1	1	F	AE	-6	1476	1235	−3	0	88	154
2023	11	16	TM	UZ	1	3	WQS		-9	1226	1635	0	+4	155	51
2023	11	21	HK	TM	2	2	WQS		4	1067	1222	0	−2	179	158
2024	03	14	KZ	TM	2	0	F	AE	6	1487	1216	+2	0	86	159
2024	03	21	IR	TM	5	0	WQS		1	1817	1215	−1	−2	21	161
2024	03	26	TM	IR	0	1	WQS		-2	1213	1819	+1	0	160	20
2024	06	01	TM	GL	5	0	F	TR	7	1220	946	+1	0	159	192
2024	06	06	UZ	TM	3	1	WQS		2	1669	1218	0	0	46	159
2024	06	11	TM	HK	0	0	WQS		-13	1205	1070	−2	+1	161	177
2025	03	25	TW	TM	1	2	SQ		-10	914	1215	−3	0	198	160
2025	06	10	TM	TH	3	1	SQ		36	1251	1351	+8	−18	152	122
2025	08	30	KG	TM	1	1	CNU	UZ	-5	1327	1256	0	+2	128	150
2025	09	02	UZ	TM	2	1	CNU		2	1695	1254	0	−1	45	152
2025	09	05	OM	TM	2	1	CNU	UZ	7	1532	1247	+1	−1	75	153
2025	10	09	LK	TM	1	0	SQ		36	789	1211	+3	−5	210	156
2025	10	14	TM	LK	2	1	SQ		2	1213	787	0	0	156	210
2025	11	18	TM	TW	3	1	SQ		4	1217	866	+2	0	155	202
2026	03	31	TH	TM	2	1	SQ		8	1376	1209	+5	−1	109	156