date,group,team,model_pct,model_state_matches,pm_raw_pct,pm_devig_pct,inserted_at
2026-06-10,A,Czechia,23.0,0,17.5,17.233,2026-07-04T15:34:00.726141+00:00
2026-06-10,A,Mexico,51.846,0,57.5,56.622,2026-07-04T15:34:00.726141+00:00
2026-06-10,A,South Africa,3.4,0,6.05,5.958,2026-07-04T15:34:00.726141+00:00
2026-06-10,A,South Korea,21.754,0,20.5,20.187,2026-07-04T15:34:00.726141+00:00
2026-06-10,B,Bosnia and Herzegovina,8.196,0,12.5,12.249,2026-07-04T15:34:00.726141+00:00
2026-06-10,B,Canada,42.99,0,30.5,29.887,2026-07-04T15:34:00.726141+00:00
2026-06-10,B,Qatar,0.78,0,2.55,2.499,2026-07-04T15:34:00.726141+00:00
2026-06-10,B,Switzerland,48.034,0,56.5,55.365,2026-07-04T15:34:00.726141+00:00
2026-06-10,C,Brazil,63.878,0,71.5,71.038,2026-07-04T15:34:00.726141+00:00
2026-06-10,C,Haiti,1.344,0,0.7,0.695,2026-07-04T15:34:00.726141+00:00
2026-06-10,C,Morocco,23.332,0,20.5,20.368,2026-07-04T15:34:00.726141+00:00
2026-06-10,C,Scotland,11.446,0,7.95,7.899,2026-07-04T15:34:00.726141+00:00
2026-06-10,D,Australia,5.752,0,9.35,9.091,2026-07-04T15:34:00.726141+00:00
2026-06-10,D,Paraguay,12.852,0,17.5,17.015,2026-07-04T15:34:00.726141+00:00
2026-06-10,D,Turkey,42.056,0,37.5,36.461,2026-07-04T15:34:00.726141+00:00
2026-06-10,D,United States,39.34,0,38.5,37.433,2026-07-04T15:34:00.726141+00:00
2026-06-10,E,Curacao,0.564,0,0.55,0.544,2026-07-04T15:34:00.726141+00:00
2026-06-10,E,Ecuador,26.054,0,20.5,20.287,2026-07-04T15:34:00.726141+00:00
2026-06-10,E,Germany,58.14,0,67.5,66.799,2026-07-04T15:34:00.726141+00:00
2026-06-10,E,Ivory Coast,15.242,0,12.5,12.37,2026-07-04T15:34:00.726141+00:00
2026-06-10,F,Japan,25.444,0,27.5,27.295,2026-07-04T15:34:00.726141+00:00
2026-06-10,F,Netherlands,56.906,0,53.5,53.102,2026-07-04T15:34:00.726141+00:00
2026-06-10,F,Sweden,14.858,0,14.5,14.392,2026-07-04T15:34:00.726141+00:00
2026-06-10,F,Tunisia,2.792,0,5.25,5.211,2026-07-04T15:34:00.726141+00:00
2026-06-10,G,Belgium,66.554,0,69.5,68.137,2026-07-04T15:34:00.726141+00:00
2026-06-10,G,Egypt,17.83,0,16.5,16.176,2026-07-04T15:34:00.726141+00:00
2026-06-10,G,Iran,11.594,0,12.45,12.206,2026-07-04T15:34:00.726141+00:00
2026-06-10,G,New Zealand,4.022,0,3.55,3.48,2026-07-04T15:34:00.726141+00:00
2026-06-10,H,Cape Verde,0.516,0,0.95,0.941,2026-07-04T15:34:00.726141+00:00
2026-06-10,H,Saudi Arabia,0.374,0,2.0,1.981,2026-07-04T15:34:00.726141+00:00
2026-06-10,H,Spain,80.276,0,78.5,77.761,2026-07-04T15:34:00.726141+00:00
2026-06-10,H,Uruguay,18.834,0,19.5,19.316,2026-07-04T15:34:00.726141+00:00
2026-06-10,I,France,68.96,0,65.5,64.059,2026-07-04T15:34:00.726141+00:00
2026-06-10,I,Iraq,0.266,0,0.75,0.733,2026-07-04T15:34:00.726141+00:00
2026-06-10,I,Norway,16.392,0,24.5,23.961,2026-07-04T15:34:00.726141+00:00
2026-06-10,I,Senegal,14.382,0,11.5,11.247,2026-07-04T15:34:00.726141+00:00
2026-06-10,J,Algeria,8.768,0,9.65,9.545,2026-07-04T15:34:00.726141+00:00
2026-06-10,J,Argentina,75.988,0,71.5,70.722,2026-07-04T15:34:00.726141+00:00
2026-06-10,J,Austria,14.316,0,18.5,18.299,2026-07-04T15:34:00.726141+00:00
2026-06-10,J,Jordan,0.928,0,1.45,1.434,2026-07-04T15:34:00.726141+00:00
2026-06-10,K,Colombia,26.246,0,32.5,32.02,2026-07-04T15:34:00.726141+00:00
2026-06-10,K,DR Congo,4.768,0,4.25,4.187,2026-07-04T15:34:00.726141+00:00
2026-06-10,K,Portugal,65.198,0,62.5,61.576,2026-07-04T15:34:00.726141+00:00
2026-06-10,K,Uzbekistan,3.788,0,2.25,2.217,2026-07-04T15:34:00.726141+00:00
2026-06-10,L,Croatia,23.45,0,22.5,22.556,2026-07-04T15:34:00.726141+00:00
2026-06-10,L,England,72.158,0,68.5,68.672,2026-07-04T15:34:00.726141+00:00
2026-06-10,L,Ghana,2.288,0,5.9,5.915,2026-07-04T15:34:00.726141+00:00
2026-06-10,L,Panama,2.104,0,2.85,2.857,2026-07-04T15:34:00.726141+00:00
2026-06-11,A,Czechia,23.0,0,15.0,14.699,2026-07-04T15:34:00.726141+00:00
2026-06-11,A,Mexico,51.846,0,67.5,66.144,2026-07-04T15:34:00.726141+00:00
2026-06-11,A,South Africa,3.4,0,1.55,1.519,2026-07-04T15:34:00.726141+00:00
2026-06-11,A,South Korea,21.754,0,18.0,17.638,2026-07-04T15:34:00.726141+00:00
2026-06-11,B,Bosnia and Herzegovina,8.196,0,12.5,12.279,2026-07-04T15:34:00.726141+00:00
2026-06-11,B,Canada,42.99,0,30.5,29.961,2026-07-04T15:34:00.726141+00:00
2026-06-11,B,Qatar,0.78,0,2.3,2.259,2026-07-04T15:34:00.726141+00:00
2026-06-11,B,Switzerland,48.034,0,56.5,55.501,2026-07-04T15:34:00.726141+00:00
2026-06-11,C,Brazil,63.878,0,72.0,70.588,2026-07-04T15:34:00.726141+00:00
2026-06-11,C,Haiti,1.344,0,1.65,1.618,2026-07-04T15:34:00.726141+00:00
2026-06-11,C,Morocco,23.332,0,20.5,20.098,2026-07-04T15:34:00.726141+00:00
2026-06-11,C,Scotland,11.446,0,7.85,7.696,2026-07-04T15:34:00.726141+00:00
2026-06-11,D,Australia,5.752,0,9.65,9.493,2026-07-04T15:34:00.726141+00:00
2026-06-11,D,Paraguay,12.852,0,17.0,16.724,2026-07-04T15:34:00.726141+00:00
2026-06-11,D,Turkey,42.056,0,37.5,36.891,2026-07-04T15:34:00.726141+00:00
2026-06-11,D,United States,39.34,0,37.5,36.891,2026-07-04T15:34:00.726141+00:00
2026-06-11,E,Curacao,0.564,0,0.45,0.449,2026-07-04T15:34:00.726141+00:00
2026-06-11,E,Ecuador,26.054,0,20.5,20.439,2026-07-04T15:34:00.726141+00:00
2026-06-11,E,Germany,58.14,0,66.5,66.301,2026-07-04T15:34:00.726141+00:00
2026-06-11,E,Ivory Coast,15.242,0,12.85,12.812,2026-07-04T15:34:00.726141+00:00
2026-06-11,F,Japan,25.444,0,28.5,27.9,2026-07-04T15:34:00.726141+00:00
2026-06-11,F,Netherlands,56.906,0,54.0,52.863,2026-07-04T15:34:00.726141+00:00
2026-06-11,F,Sweden,14.858,0,14.5,14.195,2026-07-04T15:34:00.726141+00:00
2026-06-11,F,Tunisia,2.792,0,5.15,5.042,2026-07-04T15:34:00.726141+00:00
2026-06-11,G,Belgium,66.554,0,69.5,68.305,2026-07-04T15:34:00.726141+00:00
2026-06-11,G,Egypt,17.83,0,16.0,15.725,2026-07-04T15:34:00.726141+00:00
2026-06-11,G,Iran,11.594,0,12.45,12.236,2026-07-04T15:34:00.726141+00:00
2026-06-11,G,New Zealand,4.022,0,3.8,3.735,2026-07-04T15:34:00.726141+00:00
2026-06-11,H,Cape Verde,0.516,0,1.35,1.343,2026-07-04T15:34:00.726141+00:00
2026-06-11,H,Saudi Arabia,0.374,0,1.65,1.642,2026-07-04T15:34:00.726141+00:00
2026-06-11,H,Spain,80.276,0,78.5,78.109,2026-07-04T15:34:00.726141+00:00
2026-06-11,H,Uruguay,18.834,0,19.0,18.905,2026-07-04T15:34:00.726141+00:00
2026-06-11,I,France,68.96,0,66.0,64.485,2026-07-04T15:34:00.726141+00:00
2026-06-11,I,Iraq,0.266,0,0.85,0.83,2026-07-04T15:34:00.726141+00:00
2026-06-11,I,Norway,16.392,0,23.5,22.96,2026-07-04T15:34:00.726141+00:00
2026-06-11,I,Senegal,14.382,0,12.0,11.724,2026-07-04T15:34:00.726141+00:00
2026-06-11,J,Algeria,8.768,0,9.8,9.665,2026-07-04T15:34:00.726141+00:00
2026-06-11,J,Argentina,75.988,0,71.5,70.513,2026-07-04T15:34:00.726141+00:00
2026-06-11,J,Austria,14.316,0,18.5,18.245,2026-07-04T15:34:00.726141+00:00
2026-06-11,J,Jordan,0.928,0,1.6,1.578,2026-07-04T15:34:00.726141+00:00
2026-06-11,K,Colombia,26.246,0,32.0,31.296,2026-07-04T15:34:00.726141+00:00
2026-06-11,K,DR Congo,4.768,0,4.15,4.059,2026-07-04T15:34:00.726141+00:00
2026-06-11,K,Portugal,65.198,0,63.5,62.103,2026-07-04T15:34:00.726141+00:00
2026-06-11,K,Uzbekistan,3.788,0,2.6,2.543,2026-07-04T15:34:00.726141+00:00
2026-06-11,L,Croatia,23.45,0,22.0,21.934,2026-07-04T15:34:00.726141+00:00
2026-06-11,L,England,72.158,0,69.5,69.292,2026-07-04T15:34:00.726141+00:00
2026-06-11,L,Ghana,2.288,0,5.95,5.932,2026-07-04T15:34:00.726141+00:00
2026-06-11,L,Panama,2.104,0,2.85,2.841,2026-07-04T15:34:00.726141+00:00
2026-06-12,A,Czechia,6.754,2,3.3,3.295,2026-07-04T15:34:00.726141+00:00
2026-06-12,A,Mexico,57.918,2,62.5,62.406,2026-07-04T15:34:00.726141+00:00
2026-06-12,A,South Africa,0.69,2,0.85,0.849,2026-07-04T15:34:00.726141+00:00
2026-06-12,A,South Korea,34.638,2,33.5,33.45,2026-07-04T15:34:00.726141+00:00
2026-06-12,B,Bosnia and Herzegovina,8.196,2,12.5,12.425,2026-07-04T15:34:00.726141+00:00
2026-06-12,B,Canada,42.99,2,27.5,27.336,2026-07-04T15:34:00.726141+00:00
2026-06-12,B,Qatar,0.78,2,2.1,2.087,2026-07-04T15:34:00.726141+00:00
2026-06-12,B,Switzerland,48.034,2,58.5,58.151,2026-07-04T15:34:00.726141+00:00
2026-06-12,C,Brazil,63.878,2,71.5,70.687,2026-07-04T15:34:00.726141+00:00
2026-06-12,C,Haiti,1.344,2,1.0,0.989,2026-07-04T15:34:00.726141+00:00
2026-06-12,C,Morocco,23.332,2,21.5,21.256,2026-07-04T15:34:00.726141+00:00
2026-06-12,C,Scotland,11.446,2,7.15,7.069,2026-07-04T15:34:00.726141+00:00
2026-06-12,D,Australia,5.752,2,9.05,8.912,2026-07-04T15:34:00.726141+00:00
2026-06-12,D,Paraguay,12.852,2,18.5,18.218,2026-07-04T15:34:00.726141+00:00
2026-06-12,D,Turkey,42.056,2,36.5,35.943,2026-07-04T15:34:00.726141+00:00
2026-06-12,D,United States,39.34,2,37.5,36.928,2026-07-04T15:34:00.726141+00:00
2026-06-12,E,Curacao,0.564,2,0.7,0.69,2026-07-04T15:34:00.726141+00:00
2026-06-12,E,Ecuador,26.054,2,21.5,21.203,2026-07-04T15:34:00.726141+00:00
2026-06-12,E,Germany,58.14,2,66.5,65.582,2026-07-04T15:34:00.726141+00:00
2026-06-12,E,Ivory Coast,15.242,2,12.7,12.525,2026-07-04T15:34:00.726141+00:00
2026-06-12,F,Japan,25.444,2,28.5,27.996,2026-07-04T15:34:00.726141+00:00
2026-06-12,F,Netherlands,56.906,2,54.0,53.045,2026-07-04T15:34:00.726141+00:00
2026-06-12,F,Sweden,14.858,2,14.5,14.244,2026-07-04T15:34:00.726141+00:00
2026-06-12,F,Tunisia,2.792,2,4.8,4.715,2026-07-04T15:34:00.726141+00:00
2026-06-12,G,Belgium,66.554,2,69.5,68.137,2026-07-04T15:34:00.726141+00:00
2026-06-12,G,Egypt,17.83,2,16.5,16.176,2026-07-04T15:34:00.726141+00:00
2026-06-12,G,Iran,11.594,2,13.05,12.794,2026-07-04T15:34:00.726141+00:00
2026-06-12,G,New Zealand,4.022,2,2.95,2.892,2026-07-04T15:34:00.726141+00:00
2026-06-12,H,Cape Verde,0.516,2,1.05,1.041,2026-07-04T15:34:00.726141+00:00
2026-06-12,H,Saudi Arabia,0.374,2,1.35,1.338,2026-07-04T15:34:00.726141+00:00
2026-06-12,H,Spain,80.276,2,79.0,78.295,2026-07-04T15:34:00.726141+00:00
2026-06-12,H,Uruguay,18.834,2,19.5,19.326,2026-07-04T15:34:00.726141+00:00
2026-06-12,I,France,68.96,2,65.5,64.027,2026-07-04T15:34:00.726141+00:00
2026-06-12,I,Iraq,0.266,2,0.8,0.782,2026-07-04T15:34:00.726141+00:00
2026-06-12,I,Norway,16.392,2,24.5,23.949,2026-07-04T15:34:00.726141+00:00
2026-06-12,I,Senegal,14.382,2,11.5,11.241,2026-07-04T15:34:00.726141+00:00
2026-06-12,J,Algeria,8.768,2,9.05,9.0,2026-07-04T15:34:00.726141+00:00
2026-06-12,J,Argentina,75.988,2,71.5,71.109,2026-07-04T15:34:00.726141+00:00
2026-06-12,J,Austria,14.316,2,18.5,18.399,2026-07-04T15:34:00.726141+00:00
2026-06-12,J,Jordan,0.928,2,1.5,1.492,2026-07-04T15:34:00.726141+00:00
2026-06-12,K,Colombia,26.246,2,32.5,32.178,2026-07-04T15:34:00.726141+00:00
2026-06-12,K,DR Congo,4.768,2,3.25,3.218,2026-07-04T15:34:00.726141+00:00
2026-06-12,K,Portugal,65.198,2,63.0,62.376,2026-07-04T15:34:00.726141+00:00
2026-06-12,K,Uzbekistan,3.788,2,2.25,2.228,2026-07-04T15:34:00.726141+00:00
2026-06-12,L,Croatia,23.45,2,22.5,22.355,2026-07-04T15:34:00.726141+00:00
2026-06-12,L,England,72.158,2,70.5,70.045,2026-07-04T15:34:00.726141+00:00
2026-06-12,L,Ghana,2.288,2,4.8,4.769,2026-07-04T15:34:00.726141+00:00
2026-06-12,L,Panama,2.104,2,2.85,2.832,2026-07-04T15:34:00.726141+00:00
2026-06-13,A,Czechia,6.754,3,3.35,3.353,2026-07-04T15:34:00.726141+00:00
2026-06-13,A,Mexico,57.918,3,62.5,62.563,2026-07-04T15:34:00.726141+00:00
2026-06-13,A,South Africa,0.69,3,0.55,0.551,2026-07-04T15:34:00.726141+00:00
2026-06-13,A,South Korea,34.638,3,33.5,33.534,2026-07-04T15:34:00.726141+00:00
2026-06-13,B,Bosnia and Herzegovina,8.196,3,16.5,16.161,2026-07-04T15:34:00.726141+00:00
2026-06-13,B,Canada,42.99,3,36.5,35.749,2026-07-04T15:34:00.726141+00:00
2026-06-13,B,Qatar,0.78,3,2.6,2.547,2026-07-04T15:34:00.726141+00:00
2026-06-13,B,Switzerland,48.034,3,46.5,45.544,2026-07-04T15:34:00.726141+00:00
2026-06-13,C,Brazil,63.878,3,61.5,61.072,2026-07-04T15:34:00.726141+00:00
2026-06-13,C,Haiti,1.344,3,0.45,0.447,2026-07-04T15:34:00.726141+00:00
2026-06-13,C,Morocco,23.332,3,30.0,29.791,2026-07-04T15:34:00.726141+00:00
2026-06-13,C,Scotland,11.446,3,8.75,8.689,2026-07-04T15:34:00.726141+00:00
2026-06-13,D,Australia,4.608,3,4.95,4.96,2026-07-04T15:34:00.726141+00:00
2026-06-13,D,Paraguay,2.098,3,1.35,1.353,2026-07-04T15:34:00.726141+00:00
2026-06-13,D,Turkey,36.014,3,30.5,30.561,2026-07-04T15:34:00.726141+00:00
2026-06-13,D,United States,57.28,3,63.0,63.126,2026-07-04T15:34:00.726141+00:00
2026-06-13,E,Curacao,0.564,3,0.25,0.246,2026-07-04T15:34:00.726141+00:00
2026-06-13,E,Ecuador,26.054,3,22.5,22.178,2026-07-04T15:34:00.726141+00:00
2026-06-13,E,Germany,58.14,3,66.5,65.55,2026-07-04T15:34:00.726141+00:00
2026-06-13,E,Ivory Coast,15.242,3,12.2,12.026,2026-07-04T15:34:00.726141+00:00
2026-06-13,F,Japan,25.444,3,27.5,27.473,2026-07-04T15:34:00.726141+00:00
2026-06-13,F,Netherlands,56.906,3,53.5,53.447,2026-07-04T15:34:00.726141+00:00
2026-06-13,F,Sweden,14.858,3,15.0,14.985,2026-07-04T15:34:00.726141+00:00
2026-06-13,F,Tunisia,2.792,3,4.1,4.096,2026-07-04T15:34:00.726141+00:00
2026-06-13,G,Belgium,66.554,3,70.5,70.149,2026-07-04T15:34:00.726141+00:00
2026-06-13,G,Egypt,17.83,3,16.0,15.92,2026-07-04T15:34:00.726141+00:00
2026-06-13,G,Iran,11.594,3,11.0,10.945,2026-07-04T15:34:00.726141+00:00
2026-06-13,G,New Zealand,4.022,3,3.0,2.985,2026-07-04T15:34:00.726141+00:00
2026-06-13,H,Cape Verde,0.516,3,1.25,1.225,2026-07-04T15:34:00.726141+00:00
2026-06-13,H,Saudi Arabia,0.374,3,1.75,1.716,2026-07-04T15:34:00.726141+00:00
2026-06-13,H,Spain,80.276,3,79.5,77.941,2026-07-04T15:34:00.726141+00:00
2026-06-13,H,Uruguay,18.834,3,19.5,19.118,2026-07-04T15:34:00.726141+00:00
2026-06-13,I,France,68.96,3,65.5,64.373,2026-07-04T15:34:00.726141+00:00
2026-06-13,I,Iraq,0.266,3,0.75,0.737,2026-07-04T15:34:00.726141+00:00
2026-06-13,I,Norway,16.392,3,24.5,24.079,2026-07-04T15:34:00.726141+00:00
2026-06-13,I,Senegal,14.382,3,11.0,10.811,2026-07-04T15:34:00.726141+00:00
2026-06-13,J,Algeria,8.768,3,8.45,8.358,2026-07-04T15:34:00.726141+00:00
2026-06-13,J,Argentina,75.988,3,72.0,71.217,2026-07-04T15:34:00.726141+00:00
2026-06-13,J,Austria,14.316,3,19.5,19.288,2026-07-04T15:34:00.726141+00:00
2026-06-13,J,Jordan,0.928,3,1.15,1.137,2026-07-04T15:34:00.726141+00:00
2026-06-13,K,Colombia,26.246,3,32.5,32.29,2026-07-04T15:34:00.726141+00:00
2026-06-13,K,DR Congo,4.768,3,3.9,3.875,2026-07-04T15:34:00.726141+00:00
2026-06-13,K,Portugal,65.198,3,61.5,61.103,2026-07-04T15:34:00.726141+00:00
2026-06-13,K,Uzbekistan,3.788,3,2.75,2.732,2026-07-04T15:34:00.726141+00:00
2026-06-13,L,Croatia,23.45,3,23.0,22.682,2026-07-04T15:34:00.726141+00:00
2026-06-13,L,England,72.158,3,70.5,69.527,2026-07-04T15:34:00.726141+00:00
2026-06-13,L,Ghana,2.288,3,5.6,5.523,2026-07-04T15:34:00.726141+00:00
2026-06-13,L,Panama,2.104,3,2.3,2.268,2026-07-04T15:34:00.726141+00:00
2026-06-14,A,Czechia,6.754,6,3.5,3.495,2026-07-04T15:34:00.726141+00:00
2026-06-14,A,Mexico,57.918,6,62.5,62.406,2026-07-04T15:34:00.726141+00:00
2026-06-14,A,South Africa,0.69,6,0.65,0.649,2026-07-04T15:34:00.726141+00:00
2026-06-14,A,South Korea,34.638,6,33.5,33.45,2026-07-04T15:34:00.726141+00:00
2026-06-14,B,Bosnia and Herzegovina,8.196,6,15.5,15.516,2026-07-04T15:34:00.726141+00:00
2026-06-14,B,Canada,42.99,6,35.5,35.536,2026-07-04T15:34:00.726141+00:00
2026-06-14,B,Qatar,0.78,6,2.4,2.402,2026-07-04T15:34:00.726141+00:00
2026-06-14,B,Switzerland,48.034,6,46.5,46.547,2026-07-04T15:34:00.726141+00:00
2026-06-14,C,Brazil,55.864,6,59.5,60.406,2026-07-04T15:34:00.726141+00:00
2026-06-14,C,Haiti,0.324,6,0.45,0.457,2026-07-04T15:34:00.726141+00:00
2026-06-14,C,Morocco,25.384,6,28.5,28.934,2026-07-04T15:34:00.726141+00:00
2026-06-14,C,Scotland,18.428,6,10.05,10.203,2026-07-04T15:34:00.726141+00:00
2026-06-14,D,Australia,19.226,6,19.45,19.44,2026-07-04T15:34:00.726141+00:00
2026-06-14,D,Paraguay,2.104,6,1.6,1.599,2026-07-04T15:34:00.726141+00:00
2026-06-14,D,Turkey,13.708,6,7.5,7.496,2026-07-04T15:34:00.726141+00:00
2026-06-14,D,United States,64.962,6,71.5,71.464,2026-07-04T15:34:00.726141+00:00
2026-06-14,E,Curacao,0.564,6,0.15,0.149,2026-07-04T15:34:00.726141+00:00
2026-06-14,E,Ecuador,26.054,6,20.5,20.317,2026-07-04T15:34:00.726141+00:00
2026-06-14,E,Germany,58.14,6,70.5,69.871,2026-07-04T15:34:00.726141+00:00
2026-06-14,E,Ivory Coast,15.242,6,9.75,9.663,2026-07-04T15:34:00.726141+00:00
2026-06-14,F,Japan,25.444,6,27.5,27.99,2026-07-04T15:34:00.726141+00:00
2026-06-14,F,Netherlands,56.906,6,47.5,48.346,2026-07-04T15:34:00.726141+00:00
2026-06-14,F,Sweden,14.858,6,18.5,18.83,2026-07-04T15:34:00.726141+00:00
2026-06-14,F,Tunisia,2.792,6,4.75,4.835,2026-07-04T15:34:00.726141+00:00
2026-06-14,G,Belgium,66.554,6,71.5,70.305,2026-07-04T15:34:00.726141+00:00
2026-06-14,G,Egypt,17.83,6,16.5,16.224,2026-07-04T15:34:00.726141+00:00
2026-06-14,G,Iran,11.594,6,10.85,10.669,2026-07-04T15:34:00.726141+00:00
2026-06-14,G,New Zealand,4.022,6,2.85,2.802,2026-07-04T15:34:00.726141+00:00
2026-06-14,H,Cape Verde,0.516,6,1.1,1.083,2026-07-04T15:34:00.726141+00:00
2026-06-14,H,Saudi Arabia,0.374,6,2.0,1.969,2026-07-04T15:34:00.726141+00:00
2026-06-14,H,Spain,80.276,6,79.5,78.248,2026-07-04T15:34:00.726141+00:00
2026-06-14,H,Uruguay,18.834,6,19.0,18.701,2026-07-04T15:34:00.726141+00:00
2026-06-14,I,France,68.96,6,67.5,66.667,2026-07-04T15:34:00.726141+00:00
2026-06-14,I,Iraq,0.266,6,0.75,0.741,2026-07-04T15:34:00.726141+00:00
2026-06-14,I,Norway,16.392,6,23.0,22.716,2026-07-04T15:34:00.726141+00:00
2026-06-14,I,Senegal,14.382,6,10.0,9.877,2026-07-04T15:34:00.726141+00:00
2026-06-14,J,Algeria,8.768,6,8.55,8.428,2026-07-04T15:34:00.726141+00:00
2026-06-14,J,Argentina,75.988,6,72.0,70.971,2026-07-04T15:34:00.726141+00:00
2026-06-14,J,Austria,14.316,6,19.5,19.221,2026-07-04T15:34:00.726141+00:00
2026-06-14,J,Jordan,0.928,6,1.4,1.38,2026-07-04T15:34:00.726141+00:00
2026-06-14,K,Colombia,26.246,6,32.5,32.162,2026-07-04T15:34:00.726141+00:00
2026-06-14,K,DR Congo,4.768,6,3.5,3.464,2026-07-04T15:34:00.726141+00:00
2026-06-14,K,Portugal,65.198,6,62.5,61.851,2026-07-04T15:34:00.726141+00:00
2026-06-14,K,Uzbekistan,3.788,6,2.55,2.524,2026-07-04T15:34:00.726141+00:00
2026-06-14,L,Croatia,23.45,6,21.5,21.543,2026-07-04T15:34:00.726141+00:00
2026-06-14,L,England,72.158,6,71.5,71.643,2026-07-04T15:34:00.726141+00:00
2026-06-14,L,Ghana,2.288,6,4.3,4.309,2026-07-04T15:34:00.726141+00:00
2026-06-14,L,Panama,2.104,6,2.5,2.505,2026-07-04T15:34:00.726141+00:00
2026-06-15,A,Czechia,6.754,10,3.35,3.347,2026-07-04T15:34:00.726141+00:00
2026-06-15,A,Mexico,57.918,10,62.5,62.438,2026-07-04T15:34:00.726141+00:00
2026-06-15,A,South Africa,0.69,10,0.75,0.749,2026-07-04T15:34:00.726141+00:00
2026-06-15,A,South Korea,34.638,10,33.5,33.467,2026-07-04T15:34:00.726141+00:00
2026-06-15,B,Bosnia and Herzegovina,8.196,10,15.5,15.664,2026-07-04T15:34:00.726141+00:00
2026-06-15,B,Canada,42.99,10,35.5,35.877,2026-07-04T15:34:00.726141+00:00
2026-06-15,B,Qatar,0.78,10,3.45,3.487,2026-07-04T15:34:00.726141+00:00
2026-06-15,B,Switzerland,48.034,10,44.5,44.972,2026-07-04T15:34:00.726141+00:00
2026-06-15,C,Brazil,55.864,10,58.5,59.002,2026-07-04T15:34:00.726141+00:00
2026-06-15,C,Haiti,0.324,10,0.4,0.403,2026-07-04T15:34:00.726141+00:00
2026-06-15,C,Morocco,25.384,10,29.5,29.753,2026-07-04T15:34:00.726141+00:00
2026-06-15,C,Scotland,18.428,10,10.75,10.842,2026-07-04T15:34:00.726141+00:00
2026-06-15,D,Australia,19.226,10,19.75,20.133,2026-07-04T15:34:00.726141+00:00
2026-06-15,D,Paraguay,2.104,10,1.85,1.886,2026-07-04T15:34:00.726141+00:00
2026-06-15,D,Turkey,13.708,10,8.5,8.665,2026-07-04T15:34:00.726141+00:00
2026-06-15,D,United States,64.962,10,68.0,69.317,2026-07-04T15:34:00.726141+00:00
2026-06-15,E,Curacao,0.148,10,0.15,0.151,2026-07-04T15:34:00.726141+00:00
2026-06-15,E,Ecuador,7.036,10,4.5,4.536,2026-07-04T15:34:00.726141+00:00
2026-06-15,E,Germany,65.888,10,74.5,75.101,2026-07-04T15:34:00.726141+00:00
2026-06-15,E,Ivory Coast,26.928,10,20.05,20.212,2026-07-04T15:34:00.726141+00:00
2026-06-15,F,Japan,25.196,10,28.0,27.532,2026-07-04T15:34:00.726141+00:00
2026-06-15,F,Netherlands,47.364,10,44.5,43.756,2026-07-04T15:34:00.726141+00:00
2026-06-15,F,Sweden,26.864,10,28.5,28.024,2026-07-04T15:34:00.726141+00:00
2026-06-15,F,Tunisia,0.576,10,0.7,0.688,2026-07-04T15:34:00.726141+00:00
2026-06-15,G,Belgium,66.554,10,63.5,62.996,2026-07-04T15:34:00.726141+00:00
2026-06-15,G,Egypt,17.83,10,21.5,21.329,2026-07-04T15:34:00.726141+00:00
2026-06-15,G,Iran,11.594,10,12.15,12.054,2026-07-04T15:34:00.726141+00:00
2026-06-15,G,New Zealand,4.022,10,3.65,3.621,2026-07-04T15:34:00.726141+00:00
2026-06-15,H,Cape Verde,0.516,10,3.05,3.067,2026-07-04T15:34:00.726141+00:00
2026-06-15,H,Saudi Arabia,0.374,10,2.9,2.916,2026-07-04T15:34:00.726141+00:00
2026-06-15,H,Spain,80.276,10,67.0,67.371,2026-07-04T15:34:00.726141+00:00
2026-06-15,H,Uruguay,18.834,10,26.5,26.647,2026-07-04T15:34:00.726141+00:00
2026-06-15,I,France,68.96,10,66.5,66.4,2026-07-04T15:34:00.726141+00:00
2026-06-15,I,Iraq,0.266,10,0.65,0.649,2026-07-04T15:34:00.726141+00:00
2026-06-15,I,Norway,16.392,10,23.5,23.465,2026-07-04T15:34:00.726141+00:00
2026-06-15,I,Senegal,14.382,10,9.5,9.486,2026-07-04T15:34:00.726141+00:00
2026-06-15,J,Algeria,8.768,10,8.45,8.375,2026-07-04T15:34:00.726141+00:00
2026-06-15,J,Argentina,75.988,10,72.5,71.853,2026-07-04T15:34:00.726141+00:00
2026-06-15,J,Austria,14.316,10,18.5,18.335,2026-07-04T15:34:00.726141+00:00
2026-06-15,J,Jordan,0.928,10,1.45,1.437,2026-07-04T15:34:00.726141+00:00
2026-06-15,K,Colombia,26.246,10,31.5,31.627,2026-07-04T15:34:00.726141+00:00
2026-06-15,K,DR Congo,4.768,10,3.05,3.062,2026-07-04T15:34:00.726141+00:00
2026-06-15,K,Portugal,65.198,10,62.5,62.751,2026-07-04T15:34:00.726141+00:00
2026-06-15,K,Uzbekistan,3.788,10,2.55,2.56,2026-07-04T15:34:00.726141+00:00
2026-06-15,L,Croatia,23.45,10,22.0,22.29,2026-07-04T15:34:00.726141+00:00
2026-06-15,L,England,72.158,10,68.5,69.402,2026-07-04T15:34:00.726141+00:00
2026-06-15,L,Ghana,2.288,10,5.65,5.724,2026-07-04T15:34:00.726141+00:00
2026-06-15,L,Panama,2.104,10,2.55,2.584,2026-07-04T15:34:00.726141+00:00
2026-06-16,A,Czechia,6.754,14,3.55,3.548,2026-07-04T15:34:00.726141+00:00
2026-06-16,A,Mexico,57.918,14,61.5,61.469,2026-07-04T15:34:00.726141+00:00
2026-06-16,A,South Africa,0.69,14,0.5,0.5,2026-07-04T15:34:00.726141+00:00
2026-06-16,A,South Korea,34.638,14,34.5,34.483,2026-07-04T15:34:00.726141+00:00
2026-06-16,B,Bosnia and Herzegovina,8.196,14,15.5,15.539,2026-07-04T15:34:00.726141+00:00
2026-06-16,B,Canada,42.99,14,34.5,34.586,2026-07-04T15:34:00.726141+00:00
2026-06-16,B,Qatar,0.78,14,3.25,3.258,2026-07-04T15:34:00.726141+00:00
2026-06-16,B,Switzerland,48.034,14,46.5,46.617,2026-07-04T15:34:00.726141+00:00
2026-06-16,C,Brazil,55.864,14,58.5,58.735,2026-07-04T15:34:00.726141+00:00
2026-06-16,C,Haiti,0.324,14,0.6,0.602,2026-07-04T15:34:00.726141+00:00
2026-06-16,C,Morocco,25.384,14,29.5,29.618,2026-07-04T15:34:00.726141+00:00
2026-06-16,C,Scotland,18.428,14,11.0,11.044,2026-07-04T15:34:00.726141+00:00
2026-06-16,D,Australia,19.226,14,20.6,20.924,2026-07-04T15:34:00.726141+00:00
2026-06-16,D,Paraguay,2.104,14,1.85,1.879,2026-07-04T15:34:00.726141+00:00
2026-06-16,D,Turkey,13.708,14,7.5,7.618,2026-07-04T15:34:00.726141+00:00
2026-06-16,D,United States,64.962,14,68.5,69.578,2026-07-04T15:34:00.726141+00:00
2026-06-16,E,Curacao,0.148,14,0.45,0.457,2026-07-04T15:34:00.726141+00:00
2026-06-16,E,Ecuador,7.036,14,4.5,4.566,2026-07-04T15:34:00.726141+00:00
2026-06-16,E,Germany,65.888,14,73.0,74.074,2026-07-04T15:34:00.726141+00:00
2026-06-16,E,Ivory Coast,26.928,14,20.6,20.903,2026-07-04T15:34:00.726141+00:00
2026-06-16,F,Japan,25.196,14,28.5,28.162,2026-07-04T15:34:00.726141+00:00
2026-06-16,F,Netherlands,47.364,14,43.5,42.984,2026-07-04T15:34:00.726141+00:00
2026-06-16,F,Sweden,26.864,14,28.5,28.162,2026-07-04T15:34:00.726141+00:00
2026-06-16,F,Tunisia,0.576,14,0.7,0.692,2026-07-04T15:34:00.726141+00:00
2026-06-16,G,Belgium,62.276,14,62.5,62.688,2026-07-04T15:34:00.726141+00:00
2026-06-16,G,Egypt,22.88,14,26.5,26.58,2026-07-04T15:34:00.726141+00:00
2026-06-16,G,Iran,10.048,14,7.1,7.121,2026-07-04T15:34:00.726141+00:00
2026-06-16,G,New Zealand,4.796,14,3.6,3.611,2026-07-04T15:34:00.726141+00:00
2026-06-16,H,Cape Verde,2.734,14,3.4,3.403,2026-07-04T15:34:00.726141+00:00
2026-06-16,H,Saudi Arabia,1.35,14,2.5,2.503,2026-07-04T15:34:00.726141+00:00
2026-06-16,H,Spain,76.374,14,72.5,72.573,2026-07-04T15:34:00.726141+00:00
2026-06-16,H,Uruguay,19.542,14,21.5,21.522,2026-07-04T15:34:00.726141+00:00
2026-06-16,I,France,68.96,14,79.0,77.948,2026-07-04T15:34:00.726141+00:00
2026-06-16,I,Iraq,0.266,14,0.15,0.148,2026-07-04T15:34:00.726141+00:00
2026-06-16,I,Norway,16.392,14,20.5,20.227,2026-07-04T15:34:00.726141+00:00
2026-06-16,I,Senegal,14.382,14,1.7,1.677,2026-07-04T15:34:00.726141+00:00
2026-06-16,J,Algeria,8.768,14,12.05,11.802,2026-07-04T15:34:00.726141+00:00
2026-06-16,J,Argentina,75.988,14,71.5,70.029,2026-07-04T15:34:00.726141+00:00
2026-06-16,J,Austria,14.316,14,17.5,17.14,2026-07-04T15:34:00.726141+00:00
2026-06-16,J,Jordan,0.928,14,1.05,1.028,2026-07-04T15:34:00.726141+00:00
2026-06-16,K,Colombia,26.246,14,31.5,31.642,2026-07-04T15:34:00.726141+00:00
2026-06-16,K,DR Congo,4.768,14,2.9,2.913,2026-07-04T15:34:00.726141+00:00
2026-06-16,K,Portugal,65.198,14,62.5,62.783,2026-07-04T15:34:00.726141+00:00
2026-06-16,K,Uzbekistan,3.788,14,2.65,2.662,2026-07-04T15:34:00.726141+00:00
2026-06-16,L,Croatia,23.45,14,22.5,22.568,2026-07-04T15:34:00.726141+00:00
2026-06-16,L,England,72.158,14,69.5,69.709,2026-07-04T15:34:00.726141+00:00
2026-06-16,L,Ghana,2.288,14,5.15,5.165,2026-07-04T15:34:00.726141+00:00
2026-06-16,L,Panama,2.104,14,2.55,2.558,2026-07-04T15:34:00.726141+00:00
2026-06-17,A,Czechia,6.754,20,4.3,4.306,2026-07-04T15:34:00.726141+00:00
2026-06-17,A,Mexico,57.918,20,60.5,60.591,2026-07-04T15:34:00.726141+00:00
2026-06-17,A,South Africa,0.69,20,0.55,0.551,2026-07-04T15:34:00.726141+00:00
2026-06-17,A,South Korea,34.638,20,34.5,34.552,2026-07-04T15:34:00.726141+00:00
2026-06-17,B,Bosnia and Herzegovina,13.644,20,15.5,15.431,2026-07-04T15:34:00.726141+00:00
2026-06-17,B,Canada,45.128,20,34.5,34.345,2026-07-04T15:34:00.726141+00:00
2026-06-17,B,Qatar,1.848,20,2.95,2.937,2026-07-04T15:34:00.726141+00:00
2026-06-17,B,Switzerland,39.38,20,47.5,47.287,2026-07-04T15:34:00.726141+00:00
2026-06-17,C,Brazil,55.864,20,58.5,58.238,2026-07-04T15:34:00.726141+00:00
2026-06-17,C,Haiti,0.324,20,0.15,0.149,2026-07-04T15:34:00.726141+00:00
2026-06-17,C,Morocco,25.384,20,30.5,30.363,2026-07-04T15:34:00.726141+00:00
2026-06-17,C,Scotland,18.428,20,11.3,11.249,2026-07-04T15:34:00.726141+00:00
2026-06-17,D,Australia,19.226,20,20.9,20.858,2026-07-04T15:34:00.726141+00:00
2026-06-17,D,Paraguay,2.104,20,2.3,2.295,2026-07-04T15:34:00.726141+00:00
2026-06-17,D,Turkey,13.708,20,7.5,7.485,2026-07-04T15:34:00.726141+00:00
2026-06-17,D,United States,64.962,20,69.5,69.361,2026-07-04T15:34:00.726141+00:00
2026-06-17,E,Curacao,0.148,20,0.65,0.653,2026-07-04T15:34:00.726141+00:00
2026-06-17,E,Ecuador,7.036,20,4.5,4.523,2026-07-04T15:34:00.726141+00:00
2026-06-17,E,Germany,65.888,20,72.5,72.864,2026-07-04T15:34:00.726141+00:00
2026-06-17,E,Ivory Coast,26.928,20,21.85,21.96,2026-07-04T15:34:00.726141+00:00
2026-06-17,F,Japan,25.196,20,27.5,27.473,2026-07-04T15:34:00.726141+00:00
2026-06-17,F,Netherlands,47.364,20,43.5,43.457,2026-07-04T15:34:00.726141+00:00
2026-06-17,F,Sweden,26.864,20,28.5,28.472,2026-07-04T15:34:00.726141+00:00
2026-06-17,F,Tunisia,0.576,20,0.6,0.599,2026-07-04T15:34:00.726141+00:00
2026-06-17,G,Belgium,62.276,20,62.5,63.971,2026-07-04T15:34:00.726141+00:00
2026-06-17,G,Egypt,22.88,20,25.5,26.1,2026-07-04T15:34:00.726141+00:00
2026-06-17,G,Iran,10.048,20,6.55,6.704,2026-07-04T15:34:00.726141+00:00
2026-06-17,G,New Zealand,4.796,20,3.15,3.224,2026-07-04T15:34:00.726141+00:00
2026-06-17,H,Cape Verde,2.734,20,2.85,2.901,2026-07-04T15:34:00.726141+00:00
2026-06-17,H,Saudi Arabia,1.35,20,2.4,2.443,2026-07-04T15:34:00.726141+00:00
2026-06-17,H,Spain,76.374,20,72.5,73.791,2026-07-04T15:34:00.726141+00:00
2026-06-17,H,Uruguay,19.542,20,20.5,20.865,2026-07-04T15:34:00.726141+00:00
2026-06-17,I,France,82.636,20,75.5,76.301,2026-07-04T15:34:00.726141+00:00
2026-06-17,I,Iraq,0.058,20,0.25,0.253,2026-07-04T15:34:00.726141+00:00
2026-06-17,I,Norway,16.05,20,21.5,21.728,2026-07-04T15:34:00.726141+00:00
2026-06-17,I,Senegal,1.256,20,1.7,1.718,2026-07-04T15:34:00.726141+00:00
2026-06-17,J,Algeria,0.69,20,1.6,1.586,2026-07-04T15:34:00.726141+00:00
2026-06-17,J,Argentina,85.638,20,85.5,84.737,2026-07-04T15:34:00.726141+00:00
2026-06-17,J,Austria,13.474,20,13.5,13.38,2026-07-04T15:34:00.726141+00:00
2026-06-17,J,Jordan,0.198,20,0.3,0.297,2026-07-04T15:34:00.726141+00:00
2026-06-17,K,Colombia,26.246,20,43.5,42.794,2026-07-04T15:34:00.726141+00:00
2026-06-17,K,DR Congo,4.768,20,7.85,7.723,2026-07-04T15:34:00.726141+00:00
2026-06-17,K,Portugal,65.198,20,47.0,46.237,2026-07-04T15:34:00.726141+00:00
2026-06-17,K,Uzbekistan,3.788,20,3.3,3.246,2026-07-04T15:34:00.726141+00:00
2026-06-17,L,Croatia,23.45,20,5.5,5.408,2026-07-04T15:34:00.726141+00:00
2026-06-17,L,England,72.158,20,91.0,89.479,2026-07-04T15:34:00.726141+00:00
2026-06-17,L,Ghana,2.288,20,3.65,3.589,2026-07-04T15:34:00.726141+00:00
2026-06-17,L,Panama,2.104,20,1.55,1.524,2026-07-04T15:34:00.726141+00:00
2026-06-18,A,Czechia,6.754,24,0.4,0.393,2026-07-04T15:34:00.726141+00:00
2026-06-18,A,Mexico,57.918,24,62.5,61.455,2026-07-04T15:34:00.726141+00:00
2026-06-18,A,South Africa,0.69,24,0.3,0.295,2026-07-04T15:34:00.726141+00:00
2026-06-18,A,South Korea,34.638,24,38.5,37.856,2026-07-04T15:34:00.726141+00:00
2026-06-18,B,Bosnia and Herzegovina,13.644,24,0.15,0.148,2026-07-04T15:34:00.726141+00:00
2026-06-18,B,Canada,45.128,24,60.5,59.783,2026-07-04T15:34:00.726141+00:00
2026-06-18,B,Qatar,1.848,24,0.05,0.049,2026-07-04T15:34:00.726141+00:00
2026-06-18,B,Switzerland,39.38,24,40.5,40.02,2026-07-04T15:34:00.726141+00:00
2026-06-18,C,Brazil,55.864,24,58.5,59.002,2026-07-04T15:34:00.726141+00:00
2026-06-18,C,Haiti,0.324,24,0.4,0.403,2026-07-04T15:34:00.726141+00:00
2026-06-18,C,Morocco,25.384,24,29.5,29.753,2026-07-04T15:34:00.726141+00:00
2026-06-18,C,Scotland,18.428,24,10.75,10.842,2026-07-04T15:34:00.726141+00:00
2026-06-18,D,Australia,19.226,24,21.2,21.053,2026-07-04T15:34:00.726141+00:00
2026-06-18,D,Paraguay,2.104,24,2.5,2.483,2026-07-04T15:34:00.726141+00:00
2026-06-18,D,Turkey,13.708,24,8.5,8.441,2026-07-04T15:34:00.726141+00:00
2026-06-18,D,United States,64.962,24,68.5,68.024,2026-07-04T15:34:00.726141+00:00
2026-06-18,E,Curacao,0.148,24,0.25,0.255,2026-07-04T15:34:00.726141+00:00
2026-06-18,E,Ecuador,7.036,24,3.8,3.882,2026-07-04T15:34:00.726141+00:00
2026-06-18,E,Germany,65.888,24,72.5,74.055,2026-07-04T15:34:00.726141+00:00
2026-06-18,E,Ivory Coast,26.928,24,21.35,21.808,2026-07-04T15:34:00.726141+00:00
2026-06-18,F,Japan,25.196,24,27.5,27.282,2026-07-04T15:34:00.726141+00:00
2026-06-18,F,Netherlands,47.364,24,42.5,42.163,2026-07-04T15:34:00.726141+00:00
2026-06-18,F,Sweden,26.864,24,29.5,29.266,2026-07-04T15:34:00.726141+00:00
2026-06-18,F,Tunisia,0.576,24,1.3,1.29,2026-07-04T15:34:00.726141+00:00
2026-06-18,G,Belgium,62.276,24,63.5,64.533,2026-07-04T15:34:00.726141+00:00
2026-06-18,G,Egypt,22.88,24,24.5,24.898,2026-07-04T15:34:00.726141+00:00
2026-06-18,G,Iran,10.048,24,7.25,7.368,2026-07-04T15:34:00.726141+00:00
2026-06-18,G,New Zealand,4.796,24,3.15,3.201,2026-07-04T15:34:00.726141+00:00
2026-06-18,H,Cape Verde,2.734,24,2.9,2.923,2026-07-04T15:34:00.726141+00:00
2026-06-18,H,Saudi Arabia,1.35,24,3.3,3.327,2026-07-04T15:34:00.726141+00:00
2026-06-18,H,Spain,76.374,24,72.5,73.085,2026-07-04T15:34:00.726141+00:00
2026-06-18,H,Uruguay,19.542,24,20.5,20.665,2026-07-04T15:34:00.726141+00:00
2026-06-18,I,France,82.636,24,76.5,76.692,2026-07-04T15:34:00.726141+00:00
2026-06-18,I,Iraq,0.058,24,0.15,0.15,2026-07-04T15:34:00.726141+00:00
2026-06-18,I,Norway,16.05,24,21.5,21.554,2026-07-04T15:34:00.726141+00:00
2026-06-18,I,Senegal,1.256,24,1.6,1.604,2026-07-04T15:34:00.726141+00:00
2026-06-18,J,Algeria,0.69,24,1.5,1.505,2026-07-04T15:34:00.726141+00:00
2026-06-18,J,Argentina,85.638,24,84.5,84.797,2026-07-04T15:34:00.726141+00:00
2026-06-18,J,Austria,13.474,24,13.5,13.547,2026-07-04T15:34:00.726141+00:00
2026-06-18,J,Jordan,0.198,24,0.15,0.151,2026-07-04T15:34:00.726141+00:00
2026-06-18,K,Colombia,46.308,24,47.5,47.715,2026-07-04T15:34:00.726141+00:00
2026-06-18,K,DR Congo,6.628,24,6.05,6.077,2026-07-04T15:34:00.726141+00:00
2026-06-18,K,Portugal,46.228,24,45.5,45.706,2026-07-04T15:34:00.726141+00:00
2026-06-18,K,Uzbekistan,0.836,24,0.5,0.502,2026-07-04T15:34:00.726141+00:00
2026-06-18,L,Croatia,1.68,24,3.75,3.713,2026-07-04T15:34:00.726141+00:00
2026-06-18,L,England,94.618,24,91.5,90.594,2026-07-04T15:34:00.726141+00:00
2026-06-18,L,Ghana,3.27,24,4.6,4.554,2026-07-04T15:34:00.726141+00:00
2026-06-18,L,Panama,0.432,24,1.15,1.139,2026-07-04T15:34:00.726141+00:00
2026-06-19,A,Czechia,0.0,28,,,2026-07-04T15:34:00.726141+00:00
2026-06-19,A,Mexico,100.0,28,,,2026-07-04T15:34:00.726141+00:00
2026-06-19,A,South Africa,0.0,28,,,2026-07-04T15:34:00.726141+00:00
2026-06-19,A,South Korea,0.0,28,,,2026-07-04T15:34:00.726141+00:00
2026-06-19,B,Bosnia and Herzegovina,0.0,28,,,2026-07-04T15:34:00.726141+00:00
2026-06-19,B,Canada,60.258,28,60.0,60.0,2026-07-04T15:34:00.726141+00:00
2026-06-19,B,Qatar,0.0,28,,,2026-07-04T15:34:00.726141+00:00
2026-06-19,B,Switzerland,39.742,28,40.0,40.0,2026-07-04T15:34:00.726141+00:00
2026-06-19,C,Brazil,55.864,28,62.0,61.295,2026-07-04T15:34:00.726141+00:00
2026-06-19,C,Haiti,0.324,28,0.15,0.148,2026-07-04T15:34:00.726141+00:00
2026-06-19,C,Morocco,25.384,28,34.0,33.613,2026-07-04T15:34:00.726141+00:00
2026-06-19,C,Scotland,18.428,28,5.0,4.943,2026-07-04T15:34:00.726141+00:00
2026-06-19,D,Australia,19.226,28,0.4,0.394,2026-07-04T15:34:00.726141+00:00
2026-06-19,D,Paraguay,2.104,28,0.05,0.049,2026-07-04T15:34:00.726141+00:00
2026-06-19,D,Turkey,13.708,28,14.5,14.293,2026-07-04T15:34:00.726141+00:00
2026-06-19,D,United States,64.962,28,86.5,85.264,2026-07-04T15:34:00.726141+00:00
2026-06-19,E,Curacao,0.148,28,0.25,0.254,2026-07-04T15:34:00.726141+00:00
2026-06-19,E,Ecuador,7.036,28,3.35,3.41,2026-07-04T15:34:00.726141+00:00
2026-06-19,E,Germany,65.888,28,73.5,74.809,2026-07-04T15:34:00.726141+00:00
2026-06-19,E,Ivory Coast,26.928,28,21.15,21.527,2026-07-04T15:34:00.726141+00:00
2026-06-19,F,Japan,25.196,28,27.5,27.322,2026-07-04T15:34:00.726141+00:00
2026-06-19,F,Netherlands,47.364,28,42.5,42.226,2026-07-04T15:34:00.726141+00:00
2026-06-19,F,Sweden,26.864,28,29.5,29.309,2026-07-04T15:34:00.726141+00:00
2026-06-19,F,Tunisia,0.576,28,1.15,1.143,2026-07-04T15:34:00.726141+00:00
2026-06-19,G,Belgium,62.276,28,63.5,63.819,2026-07-04T15:34:00.726141+00:00
2026-06-19,G,Egypt,22.88,28,24.5,24.623,2026-07-04T15:34:00.726141+00:00
2026-06-19,G,Iran,10.048,28,7.35,7.387,2026-07-04T15:34:00.726141+00:00
2026-06-19,G,New Zealand,4.796,28,4.15,4.171,2026-07-04T15:34:00.726141+00:00
2026-06-19,H,Cape Verde,2.734,28,2.65,2.646,2026-07-04T15:34:00.726141+00:00
2026-06-19,H,Saudi Arabia,1.35,28,3.5,3.495,2026-07-04T15:34:00.726141+00:00
2026-06-19,H,Spain,76.374,28,73.5,73.39,2026-07-04T15:34:00.726141+00:00
2026-06-19,H,Uruguay,19.542,28,20.5,20.469,2026-07-04T15:34:00.726141+00:00
2026-06-19,I,France,82.636,28,77.5,76.885,2026-07-04T15:34:00.726141+00:00
2026-06-19,I,Iraq,0.058,28,0.15,0.149,2026-07-04T15:34:00.726141+00:00
2026-06-19,I,Norway,16.05,28,21.5,21.329,2026-07-04T15:34:00.726141+00:00
2026-06-19,I,Senegal,1.256,28,1.65,1.637,2026-07-04T15:34:00.726141+00:00
2026-06-19,J,Algeria,0.69,28,1.35,1.35,2026-07-04T15:34:00.726141+00:00
2026-06-19,J,Argentina,85.638,28,85.0,85.0,2026-07-04T15:34:00.726141+00:00
2026-06-19,J,Austria,13.474,28,13.5,13.5,2026-07-04T15:34:00.726141+00:00
2026-06-19,J,Jordan,0.198,28,0.15,0.15,2026-07-04T15:34:00.726141+00:00
2026-06-19,K,Colombia,46.308,28,48.5,47.783,2026-07-04T15:34:00.726141+00:00
2026-06-19,K,DR Congo,6.628,28,5.05,4.975,2026-07-04T15:34:00.726141+00:00
2026-06-19,K,Portugal,46.228,28,46.5,45.813,2026-07-04T15:34:00.726141+00:00
2026-06-19,K,Uzbekistan,0.836,28,1.45,1.429,2026-07-04T15:34:00.726141+00:00
2026-06-19,L,Croatia,1.68,28,2.7,2.677,2026-07-04T15:34:00.726141+00:00
2026-06-19,L,England,94.618,28,92.5,91.72,2026-07-04T15:34:00.726141+00:00
2026-06-19,L,Ghana,3.27,28,4.7,4.66,2026-07-04T15:34:00.726141+00:00
2026-06-19,L,Panama,0.432,28,0.95,0.942,2026-07-04T15:34:00.726141+00:00
2026-06-20,A,Czechia,0.0,32,,,2026-07-04T15:34:00.726141+00:00
2026-06-20,A,Mexico,100.0,32,,,2026-07-04T15:34:00.726141+00:00
2026-06-20,A,South Africa,0.0,32,,,2026-07-04T15:34:00.726141+00:00
2026-06-20,A,South Korea,0.0,32,,,2026-07-04T15:34:00.726141+00:00
2026-06-20,B,Bosnia and Herzegovina,0.0,32,,,2026-07-04T15:34:00.726141+00:00
2026-06-20,B,Canada,60.258,32,61.5,60.891,2026-07-04T15:34:00.726141+00:00
2026-06-20,B,Qatar,0.0,32,,,2026-07-04T15:34:00.726141+00:00
2026-06-20,B,Switzerland,39.742,32,39.5,39.109,2026-07-04T15:34:00.726141+00:00
2026-06-20,C,Brazil,64.478,32,65.5,66.633,2026-07-04T15:34:00.726141+00:00
2026-06-20,C,Haiti,0.0,32,0.05,0.051,2026-07-04T15:34:00.726141+00:00
2026-06-20,C,Morocco,31.448,32,30.5,31.027,2026-07-04T15:34:00.726141+00:00
2026-06-20,C,Scotland,4.074,32,2.25,2.289,2026-07-04T15:34:00.726141+00:00
2026-06-20,D,Australia,0.0,32,,,2026-07-04T15:34:00.726141+00:00
2026-06-20,D,Paraguay,0.0,32,,,2026-07-04T15:34:00.726141+00:00
2026-06-20,D,Turkey,0.0,32,,,2026-07-04T15:34:00.726141+00:00
2026-06-20,D,United States,100.0,32,,,2026-07-04T15:34:00.726141+00:00
2026-06-20,E,Curacao,0.148,32,0.05,0.05,2026-07-04T15:34:00.726141+00:00
2026-06-20,E,Ecuador,7.036,32,5.7,5.711,2026-07-04T15:34:00.726141+00:00
2026-06-20,E,Germany,65.888,32,93.8,93.988,2026-07-04T15:34:00.726141+00:00
2026-06-20,E,Ivory Coast,26.928,32,0.25,0.251,2026-07-04T15:34:00.726141+00:00
2026-06-20,F,Japan,25.196,32,9.5,9.443,2026-07-04T15:34:01.048246+00:00
2026-06-20,F,Netherlands,47.364,32,85.5,84.99,2026-07-04T15:34:01.048246+00:00
2026-06-20,F,Sweden,26.864,32,5.0,4.97,2026-07-04T15:34:01.048246+00:00
2026-06-20,F,Tunisia,0.576,32,0.6,0.596,2026-07-04T15:34:01.048246+00:00
2026-06-20,G,Belgium,62.276,32,63.5,63.216,2026-07-04T15:34:01.048246+00:00
2026-06-20,G,Egypt,22.88,32,25.5,25.386,2026-07-04T15:34:01.048246+00:00
2026-06-20,G,Iran,10.048,32,7.75,7.715,2026-07-04T15:34:01.048246+00:00
2026-06-20,G,New Zealand,4.796,32,3.7,3.683,2026-07-04T15:34:01.048246+00:00
2026-06-20,H,Cape Verde,2.734,32,2.45,2.469,2026-07-04T15:34:01.048246+00:00
2026-06-20,H,Saudi Arabia,1.35,32,2.8,2.821,2026-07-04T15:34:01.048246+00:00
2026-06-20,H,Spain,76.374,32,73.5,74.055,2026-07-04T15:34:01.048246+00:00
2026-06-20,H,Uruguay,19.542,32,20.5,20.655,2026-07-04T15:34:01.048246+00:00
2026-06-20,I,France,82.636,32,77.5,76.961,2026-07-04T15:34:01.048246+00:00
2026-06-20,I,Iraq,0.058,32,0.15,0.149,2026-07-04T15:34:01.048246+00:00
2026-06-20,I,Norway,16.05,32,21.5,21.351,2026-07-04T15:34:01.048246+00:00
2026-06-20,I,Senegal,1.256,32,1.55,1.539,2026-07-04T15:34:01.048246+00:00
2026-06-20,J,Algeria,0.69,32,1.55,1.556,2026-07-04T15:34:01.048246+00:00
2026-06-20,J,Argentina,85.638,32,84.5,84.839,2026-07-04T15:34:01.048246+00:00
2026-06-20,J,Austria,13.474,32,13.5,13.554,2026-07-04T15:34:01.048246+00:00
2026-06-20,J,Jordan,0.198,32,0.05,0.05,2026-07-04T15:34:01.048246+00:00
2026-06-20,K,Colombia,46.308,32,48.5,48.646,2026-07-04T15:34:01.048246+00:00
2026-06-20,K,DR Congo,6.628,32,4.65,4.664,2026-07-04T15:34:01.048246+00:00
2026-06-20,K,Portugal,46.228,32,45.5,45.637,2026-07-04T15:34:01.048246+00:00
2026-06-20,K,Uzbekistan,0.836,32,1.05,1.053,2026-07-04T15:34:01.048246+00:00
2026-06-20,L,Croatia,1.68,32,2.7,2.676,2026-07-04T15:34:01.048246+00:00
2026-06-20,L,England,94.618,32,92.5,91.675,2026-07-04T15:34:01.048246+00:00
2026-06-20,L,Ghana,3.27,32,5.25,5.203,2026-07-04T15:34:01.048246+00:00
2026-06-20,L,Panama,0.432,32,0.45,0.446,2026-07-04T15:34:01.048246+00:00
2026-06-21,A,Czechia,0.0,36,,,2026-07-04T15:34:01.048246+00:00
2026-06-21,A,Mexico,100.0,36,,,2026-07-04T15:34:01.048246+00:00
2026-06-21,A,South Africa,0.0,36,,,2026-07-04T15:34:01.048246+00:00
2026-06-21,A,South Korea,0.0,36,,,2026-07-04T15:34:01.048246+00:00
2026-06-21,B,Bosnia and Herzegovina,0.0,36,,,2026-07-04T15:34:01.048246+00:00
2026-06-21,B,Canada,60.258,36,61.5,60.891,2026-07-04T15:34:01.048246+00:00
2026-06-21,B,Qatar,0.0,36,,,2026-07-04T15:34:01.048246+00:00
2026-06-21,B,Switzerland,39.742,36,39.5,39.109,2026-07-04T15:34:01.048246+00:00
2026-06-21,C,Brazil,64.478,36,66.5,65.679,2026-07-04T15:34:01.048246+00:00
2026-06-21,C,Haiti,0.0,36,0.05,0.049,2026-07-04T15:34:01.048246+00:00
2026-06-21,C,Morocco,31.448,36,32.5,32.099,2026-07-04T15:34:01.048246+00:00
2026-06-21,C,Scotland,4.074,36,2.2,2.173,2026-07-04T15:34:01.048246+00:00
2026-06-21,D,Australia,0.0,36,,,2026-07-04T15:34:01.048246+00:00
2026-06-21,D,Paraguay,0.0,36,,,2026-07-04T15:34:01.048246+00:00
2026-06-21,D,Turkey,0.0,36,,,2026-07-04T15:34:01.048246+00:00
2026-06-21,D,United States,100.0,36,,,2026-07-04T15:34:01.048246+00:00
2026-06-21,E,Curacao,0.0,36,,,2026-07-04T15:34:01.048246+00:00
2026-06-21,E,Ecuador,0.0,36,,,2026-07-04T15:34:01.048246+00:00
2026-06-21,E,Germany,100.0,36,,,2026-07-04T15:34:01.048246+00:00
2026-06-21,E,Ivory Coast,0.0,36,,,2026-07-04T15:34:01.048246+00:00
2026-06-21,F,Japan,19.526,36,20.5,20.51,2026-07-04T15:34:01.048246+00:00
2026-06-21,F,Netherlands,74.058,36,76.5,76.538,2026-07-04T15:34:01.048246+00:00
2026-06-21,F,Sweden,6.416,36,2.95,2.951,2026-07-04T15:34:01.048246+00:00
2026-06-21,F,Tunisia,0.0,36,,,2026-07-04T15:34:01.048246+00:00
2026-06-21,G,Belgium,62.276,36,36.0,35.071,2026-07-04T15:34:01.048246+00:00
2026-06-21,G,Egypt,22.88,36,48.5,47.248,2026-07-04T15:34:01.048246+00:00
2026-06-21,G,Iran,10.048,36,12.6,12.275,2026-07-04T15:34:01.048246+00:00
2026-06-21,G,New Zealand,4.796,36,5.55,5.407,2026-07-04T15:34:01.048246+00:00
2026-06-21,H,Cape Verde,2.734,36,3.45,3.431,2026-07-04T15:34:01.048246+00:00
2026-06-21,H,Saudi Arabia,1.35,36,0.1,0.099,2026-07-04T15:34:01.048246+00:00
2026-06-21,H,Spain,76.374,36,87.5,87.021,2026-07-04T15:34:01.048246+00:00
2026-06-21,H,Uruguay,19.542,36,9.5,9.448,2026-07-04T15:34:01.048246+00:00
2026-06-21,I,France,82.636,36,79.5,78.21,2026-07-04T15:34:01.048246+00:00
2026-06-21,I,Iraq,0.058,36,0.05,0.049,2026-07-04T15:34:01.048246+00:00
2026-06-21,I,Norway,16.05,36,21.5,21.151,2026-07-04T15:34:01.048246+00:00
2026-06-21,I,Senegal,1.256,36,0.6,0.59,2026-07-04T15:34:01.048246+00:00
2026-06-21,J,Algeria,0.69,36,1.55,1.539,2026-07-04T15:34:01.048246+00:00
2026-06-21,J,Argentina,85.638,36,85.5,84.906,2026-07-04T15:34:01.048246+00:00
2026-06-21,J,Austria,13.474,36,13.5,13.406,2026-07-04T15:34:01.048246+00:00
2026-06-21,J,Jordan,0.198,36,0.15,0.149,2026-07-04T15:34:01.048246+00:00
2026-06-21,K,Colombia,46.308,36,48.5,49.139,2026-07-04T15:34:01.048246+00:00
2026-06-21,K,DR Congo,6.628,36,4.45,4.509,2026-07-04T15:34:01.048246+00:00
2026-06-21,K,Portugal,46.228,36,45.5,46.099,2026-07-04T15:34:01.048246+00:00
2026-06-21,K,Uzbekistan,0.836,36,0.25,0.253,2026-07-04T15:34:01.048246+00:00
2026-06-21,L,Croatia,1.68,36,2.55,2.55,2026-07-04T15:34:01.048246+00:00
2026-06-21,L,England,94.618,36,92.5,92.5,2026-07-04T15:34:01.048246+00:00
2026-06-21,L,Ghana,3.27,36,4.65,4.65,2026-07-04T15:34:01.048246+00:00
2026-06-21,L,Panama,0.432,36,0.3,0.3,2026-07-04T15:34:01.048246+00:00
2026-06-22,A,Czechia,0.0,40,,,2026-07-04T15:34:01.048246+00:00
2026-06-22,A,Mexico,100.0,40,,,2026-07-04T15:34:01.048246+00:00
2026-06-22,A,South Africa,0.0,40,,,2026-07-04T15:34:01.048246+00:00
2026-06-22,A,South Korea,0.0,40,,,2026-07-04T15:34:01.048246+00:00
2026-06-22,B,Bosnia and Herzegovina,0.0,40,,,2026-07-04T15:34:01.048246+00:00
2026-06-22,B,Canada,60.258,40,61.5,60.891,2026-07-04T15:34:01.048246+00:00
2026-06-22,B,Qatar,0.0,40,,,2026-07-04T15:34:01.048246+00:00
2026-06-22,B,Switzerland,39.742,40,39.5,39.109,2026-07-04T15:34:01.048246+00:00
2026-06-22,C,Brazil,64.478,40,65.5,64.787,2026-07-04T15:34:01.048246+00:00
2026-06-22,C,Haiti,0.0,40,0.05,0.049,2026-07-04T15:34:01.048246+00:00
2026-06-22,C,Morocco,31.448,40,33.5,33.136,2026-07-04T15:34:01.048246+00:00
2026-06-22,C,Scotland,4.074,40,2.05,2.028,2026-07-04T15:34:01.048246+00:00
2026-06-22,D,Australia,0.0,40,,,2026-07-04T15:34:01.048246+00:00
2026-06-22,D,Paraguay,0.0,40,,,2026-07-04T15:34:01.048246+00:00
2026-06-22,D,Turkey,0.0,40,,,2026-07-04T15:34:01.048246+00:00
2026-06-22,D,United States,100.0,40,,,2026-07-04T15:34:01.048246+00:00
2026-06-22,E,Curacao,0.0,40,,,2026-07-04T15:34:01.048246+00:00
2026-06-22,E,Ecuador,0.0,40,,,2026-07-04T15:34:01.048246+00:00
2026-06-22,E,Germany,100.0,40,,,2026-07-04T15:34:01.048246+00:00
2026-06-22,E,Ivory Coast,0.0,40,,,2026-07-04T15:34:01.048246+00:00
2026-06-22,F,Japan,19.526,40,20.5,20.449,2026-07-04T15:34:01.048246+00:00
2026-06-22,F,Netherlands,74.058,40,76.5,76.309,2026-07-04T15:34:01.048246+00:00
2026-06-22,F,Sweden,6.416,40,3.25,3.242,2026-07-04T15:34:01.048246+00:00
2026-06-22,F,Tunisia,0.0,40,,,2026-07-04T15:34:01.048246+00:00
2026-06-22,G,Belgium,25.652,40,25.5,25.31,2026-07-04T15:34:01.048246+00:00
2026-06-22,G,Egypt,59.324,40,63.0,62.531,2026-07-04T15:34:01.048246+00:00
2026-06-22,G,Iran,15.024,40,12.25,12.159,2026-07-04T15:34:01.048246+00:00
2026-06-22,G,New Zealand,0.0,40,,,2026-07-04T15:34:01.048246+00:00
2026-06-22,H,Cape Verde,2.872,40,3.65,3.663,2026-07-04T15:34:01.048246+00:00
2026-06-22,H,Saudi Arabia,0.0,40,,,2026-07-04T15:34:01.048246+00:00
2026-06-22,H,Spain,84.71,40,86.5,86.804,2026-07-04T15:34:01.048246+00:00
2026-06-22,H,Uruguay,12.418,40,9.5,9.533,2026-07-04T15:34:01.048246+00:00
2026-06-22,I,France,82.636,40,78.5,79.014,2026-07-04T15:34:01.048246+00:00
2026-06-22,I,Iraq,0.058,40,0.05,0.05,2026-07-04T15:34:01.048246+00:00
2026-06-22,I,Norway,16.05,40,20.5,20.634,2026-07-04T15:34:01.048246+00:00
2026-06-22,I,Senegal,1.256,40,0.3,0.302,2026-07-04T15:34:01.048246+00:00
2026-06-22,J,Algeria,0.69,40,,,2026-07-04T15:34:01.048246+00:00
2026-06-22,J,Argentina,85.638,40,99.85,99.7,2026-07-04T15:34:01.048246+00:00
2026-06-22,J,Austria,13.474,40,0.05,0.05,2026-07-04T15:34:01.048246+00:00
2026-06-22,J,Jordan,0.198,40,0.25,0.25,2026-07-04T15:34:01.048246+00:00
2026-06-22,K,Colombia,46.308,40,49.5,49.55,2026-07-04T15:34:01.048246+00:00
2026-06-22,K,DR Congo,6.628,40,5.75,5.756,2026-07-04T15:34:01.048246+00:00
2026-06-22,K,Portugal,46.228,40,44.5,44.545,2026-07-04T15:34:01.048246+00:00
2026-06-22,K,Uzbekistan,0.836,40,0.15,0.15,2026-07-04T15:34:01.048246+00:00
2026-06-22,L,Croatia,1.68,40,2.0,1.993,2026-07-04T15:34:01.048246+00:00
2026-06-22,L,England,94.618,40,93.5,93.174,2026-07-04T15:34:01.048246+00:00
2026-06-22,L,Ghana,3.27,40,4.7,4.684,2026-07-04T15:34:01.048246+00:00
2026-06-22,L,Panama,0.432,40,0.15,0.149,2026-07-04T15:34:01.048246+00:00
2026-06-23,A,Czechia,0.0,44,0.1,0.1,2026-07-04T15:34:01.048246+00:00
2026-06-23,A,Mexico,100.0,44,99.9,99.701,2026-07-04T15:34:01.048246+00:00
2026-06-23,A,South Africa,0.0,44,0.1,0.1,2026-07-04T15:34:01.048246+00:00
2026-06-23,A,South Korea,0.0,44,0.1,0.1,2026-07-04T15:34:01.048246+00:00
2026-06-23,B,Bosnia and Herzegovina,0.0,44,0.1,0.098,2026-07-04T15:34:01.048246+00:00
2026-06-23,B,Canada,60.258,44,59.5,59.5,2026-07-04T15:34:01.048246+00:00
2026-06-23,B,Qatar,0.0,44,0.1,0.098,2026-07-04T15:34:01.048246+00:00
2026-06-23,B,Switzerland,39.742,44,40.5,40.5,2026-07-04T15:34:01.048246+00:00
2026-06-23,C,Brazil,64.478,44,65.5,64.723,2026-07-04T15:34:01.048246+00:00
2026-06-23,C,Haiti,0.0,44,0.05,0.049,2026-07-04T15:34:01.048246+00:00
2026-06-23,C,Morocco,31.448,44,33.5,33.103,2026-07-04T15:34:01.048246+00:00
2026-06-23,C,Scotland,4.074,44,2.15,2.125,2026-07-04T15:34:01.048246+00:00
2026-06-23,D,Australia,0.0,44,0.1,0.1,2026-07-04T15:34:01.048246+00:00
2026-06-23,D,Paraguay,0.0,44,0.1,0.1,2026-07-04T15:34:01.048246+00:00
2026-06-23,D,Turkey,0.0,44,0.1,0.1,2026-07-04T15:34:01.048246+00:00
2026-06-23,D,United States,100.0,44,99.9,99.701,2026-07-04T15:34:01.048246+00:00
2026-06-23,E,Curacao,0.0,44,0.1,0.1,2026-07-04T15:34:01.048246+00:00
2026-06-23,E,Ecuador,0.0,44,0.1,0.1,2026-07-04T15:34:01.048246+00:00
2026-06-23,E,Germany,100.0,44,99.9,99.701,2026-07-04T15:34:01.048246+00:00
2026-06-23,E,Ivory Coast,0.0,44,0.1,0.1,2026-07-04T15:34:01.048246+00:00
2026-06-23,F,Japan,19.526,44,19.5,19.667,2026-07-04T15:34:01.048246+00:00
2026-06-23,F,Netherlands,74.058,44,76.5,77.156,2026-07-04T15:34:01.048246+00:00
2026-06-23,F,Sweden,6.416,44,3.15,3.177,2026-07-04T15:34:01.048246+00:00
2026-06-23,F,Tunisia,0.0,44,0.3,0.3,2026-07-04T15:34:01.048246+00:00
2026-06-23,G,Belgium,25.652,44,24.5,24.898,2026-07-04T15:34:01.048246+00:00
2026-06-23,G,Egypt,59.324,44,62.5,63.516,2026-07-04T15:34:01.048246+00:00
2026-06-23,G,Iran,15.024,44,11.4,11.585,2026-07-04T15:34:01.048246+00:00
2026-06-23,G,New Zealand,0.0,44,0.1,0.098,2026-07-04T15:34:01.048246+00:00
2026-06-23,H,Cape Verde,2.872,44,3.05,3.079,2026-07-04T15:34:01.048246+00:00
2026-06-23,H,Saudi Arabia,0.0,44,0.2,0.201,2026-07-04T15:34:01.048246+00:00
2026-06-23,H,Spain,84.71,44,86.5,87.33,2026-07-04T15:34:01.048246+00:00
2026-06-23,H,Uruguay,12.418,44,9.5,9.591,2026-07-04T15:34:01.048246+00:00
2026-06-23,I,France,84.472,44,79.5,80.303,2026-07-04T15:34:01.048246+00:00
2026-06-23,I,Iraq,0.0,44,0.1,0.1,2026-07-04T15:34:01.048246+00:00
2026-06-23,I,Norway,15.528,44,19.5,19.697,2026-07-04T15:34:01.048246+00:00
2026-06-23,I,Senegal,0.0,44,0.2,0.199,2026-07-04T15:34:01.048246+00:00
2026-06-23,J,Algeria,0.0,44,0.5,0.492,2026-07-04T15:34:01.048246+00:00
2026-06-23,J,Argentina,100.0,44,99.9,98.327,2026-07-04T15:34:01.048246+00:00
2026-06-23,J,Austria,0.0,44,0.2,0.197,2026-07-04T15:34:01.048246+00:00
2026-06-23,J,Jordan,0.0,44,1.0,0.984,2026-07-04T15:34:01.048246+00:00
2026-06-23,K,Colombia,46.308,44,40.5,40.541,2026-07-04T15:34:01.048246+00:00
2026-06-23,K,DR Congo,6.628,44,2.9,2.903,2026-07-04T15:34:01.048246+00:00
2026-06-23,K,Portugal,46.228,44,56.5,56.557,2026-07-04T15:34:01.048246+00:00
2026-06-23,K,Uzbekistan,0.836,44,0.1,0.101,2026-07-04T15:34:01.048246+00:00
2026-06-23,L,Croatia,1.68,44,4.5,4.433,2026-07-04T15:34:01.048246+00:00
2026-06-23,L,England,94.618,44,87.5,86.207,2026-07-04T15:34:01.048246+00:00
2026-06-23,L,Ghana,3.27,44,8.25,8.128,2026-07-04T15:34:01.048246+00:00
2026-06-23,L,Panama,0.432,44,1.25,1.232,2026-07-04T15:34:01.048246+00:00
2026-06-24,A,Czechia,0.0,48,0.1,0.1,2026-07-04T15:34:01.048246+00:00
2026-06-24,A,Mexico,100.0,48,99.9,99.701,2026-07-04T15:34:01.048246+00:00
2026-06-24,A,South Africa,0.0,48,0.1,0.1,2026-07-04T15:34:01.048246+00:00
2026-06-24,A,South Korea,0.0,48,0.1,0.1,2026-07-04T15:34:01.048246+00:00
2026-06-24,B,Bosnia and Herzegovina,0.0,48,0.1,0.1,2026-07-04T15:34:01.048246+00:00
2026-06-24,B,Canada,60.258,48,0.05,0.05,2026-07-04T15:34:01.048246+00:00
2026-06-24,B,Qatar,0.0,48,0.1,0.1,2026-07-04T15:34:01.048246+00:00
2026-06-24,B,Switzerland,39.742,48,99.95,99.95,2026-07-04T15:34:01.048246+00:00
2026-06-24,C,Brazil,64.478,48,99.95,99.85,2026-07-04T15:34:01.048246+00:00
2026-06-24,C,Haiti,0.0,48,0.05,0.05,2026-07-04T15:34:01.048246+00:00
2026-06-24,C,Morocco,31.448,48,0.05,0.05,2026-07-04T15:34:01.048246+00:00
2026-06-24,C,Scotland,4.074,48,0.05,0.05,2026-07-04T15:34:01.048246+00:00
2026-06-24,D,Australia,0.0,48,0.1,0.1,2026-07-04T15:34:01.048246+00:00
2026-06-24,D,Paraguay,0.0,48,0.1,0.1,2026-07-04T15:34:01.048246+00:00
2026-06-24,D,Turkey,0.0,48,0.1,0.1,2026-07-04T15:34:01.048246+00:00
2026-06-24,D,United States,100.0,48,99.9,99.701,2026-07-04T15:34:01.048246+00:00
2026-06-24,E,Curacao,0.0,48,0.1,0.1,2026-07-04T15:34:01.048246+00:00
2026-06-24,E,Ecuador,0.0,48,0.1,0.1,2026-07-04T15:34:01.048246+00:00
2026-06-24,E,Germany,100.0,48,99.9,99.701,2026-07-04T15:34:01.048246+00:00
2026-06-24,E,Ivory Coast,0.0,48,0.1,0.1,2026-07-04T15:34:01.048246+00:00
2026-06-24,F,Japan,19.526,48,19.5,19.767,2026-07-04T15:34:01.048246+00:00
2026-06-24,F,Netherlands,74.058,48,75.5,76.533,2026-07-04T15:34:01.048246+00:00
2026-06-24,F,Sweden,6.416,48,3.65,3.7,2026-07-04T15:34:01.048246+00:00
2026-06-24,F,Tunisia,0.0,48,0.3,0.306,2026-07-04T15:34:01.048246+00:00
2026-06-24,G,Belgium,25.652,48,25.5,25.551,2026-07-04T15:34:01.048246+00:00
2026-06-24,G,Egypt,59.324,48,63.5,63.627,2026-07-04T15:34:01.048246+00:00
2026-06-24,G,Iran,15.024,48,10.8,10.822,2026-07-04T15:34:01.048246+00:00
2026-06-24,G,New Zealand,0.0,48,0.1,0.1,2026-07-04T15:34:01.048246+00:00
2026-06-24,H,Cape Verde,2.872,48,3.05,3.079,2026-07-04T15:34:01.048246+00:00
2026-06-24,H,Saudi Arabia,0.0,48,0.2,0.201,2026-07-04T15:34:01.048246+00:00
2026-06-24,H,Spain,84.71,48,86.5,87.33,2026-07-04T15:34:01.048246+00:00
2026-06-24,H,Uruguay,12.418,48,9.5,9.591,2026-07-04T15:34:01.048246+00:00
2026-06-24,I,France,84.472,48,79.5,79.5,2026-07-04T15:34:01.048246+00:00
2026-06-24,I,Iraq,0.0,48,0.1,0.099,2026-07-04T15:34:01.048246+00:00
2026-06-24,I,Norway,15.528,48,20.5,20.5,2026-07-04T15:34:01.048246+00:00
2026-06-24,I,Senegal,0.0,48,0.2,0.197,2026-07-04T15:34:01.048246+00:00
2026-06-24,J,Algeria,0.0,48,0.5,0.492,2026-07-04T15:34:01.048246+00:00
2026-06-24,J,Argentina,100.0,48,99.9,98.327,2026-07-04T15:34:01.048246+00:00
2026-06-24,J,Austria,0.0,48,0.2,0.197,2026-07-04T15:34:01.048246+00:00
2026-06-24,J,Jordan,0.0,48,1.0,0.984,2026-07-04T15:34:01.048246+00:00
2026-06-24,K,Colombia,48.588,48,46.5,46.5,2026-07-04T15:34:01.048246+00:00
2026-06-24,K,DR Congo,0.0,48,0.1,0.099,2026-07-04T15:34:01.048246+00:00
2026-06-24,K,Portugal,51.412,48,53.5,53.5,2026-07-04T15:34:01.048246+00:00
2026-06-24,K,Uzbekistan,0.0,48,0.1,0.099,2026-07-04T15:34:01.048246+00:00
2026-06-24,L,Croatia,10.144,48,8.15,8.175,2026-07-04T15:34:01.048246+00:00
2026-06-24,L,England,86.612,48,86.5,86.76,2026-07-04T15:34:01.048246+00:00
2026-06-24,L,Ghana,3.244,48,5.05,5.065,2026-07-04T15:34:01.048246+00:00
2026-06-24,L,Panama,0.0,48,1.5,1.448,2026-07-04T15:34:01.048246+00:00
2026-06-25,A,Czechia,0.0,54,0.1,0.1,2026-07-04T15:34:01.048246+00:00
2026-06-25,A,Mexico,100.0,54,99.9,99.701,2026-07-04T15:34:01.048246+00:00
2026-06-25,A,South Africa,0.0,54,0.1,0.1,2026-07-04T15:34:01.048246+00:00
2026-06-25,A,South Korea,0.0,54,0.1,0.1,2026-07-04T15:34:01.048246+00:00
2026-06-25,B,Bosnia and Herzegovina,0.0,54,0.1,0.1,2026-07-04T15:34:01.048246+00:00
2026-06-25,B,Canada,0.0,54,0.1,0.1,2026-07-04T15:34:01.048246+00:00
2026-06-25,B,Qatar,0.0,54,0.1,0.1,2026-07-04T15:34:01.048246+00:00
2026-06-25,B,Switzerland,100.0,54,99.9,99.701,2026-07-04T15:34:01.048246+00:00
2026-06-25,C,Brazil,100.0,54,99.9,99.701,2026-07-04T15:34:01.048246+00:00
2026-06-25,C,Haiti,0.0,54,0.1,0.1,2026-07-04T15:34:01.048246+00:00
2026-06-25,C,Morocco,0.0,54,0.1,0.1,2026-07-04T15:34:01.048246+00:00
2026-06-25,C,Scotland,0.0,54,0.1,0.1,2026-07-04T15:34:01.048246+00:00
2026-06-25,D,Australia,0.0,54,0.1,0.1,2026-07-04T15:34:01.048246+00:00
2026-06-25,D,Paraguay,0.0,54,0.1,0.1,2026-07-04T15:34:01.048246+00:00
2026-06-25,D,Turkey,0.0,54,0.1,0.1,2026-07-04T15:34:01.048246+00:00
2026-06-25,D,United States,100.0,54,99.9,99.701,2026-07-04T15:34:01.048246+00:00
2026-06-25,E,Curacao,0.0,54,0.1,0.1,2026-07-04T15:34:01.048246+00:00
2026-06-25,E,Ecuador,0.0,54,0.1,0.1,2026-07-04T15:34:01.048246+00:00
2026-06-25,E,Germany,100.0,54,99.9,99.701,2026-07-04T15:34:01.048246+00:00
2026-06-25,E,Ivory Coast,0.0,54,0.1,0.1,2026-07-04T15:34:01.048246+00:00
2026-06-25,F,Japan,19.526,54,1.5,1.512,2026-07-04T15:34:01.048246+00:00
2026-06-25,F,Netherlands,74.058,54,97.55,98.337,2026-07-04T15:34:01.048246+00:00
2026-06-25,F,Sweden,6.416,54,0.15,0.151,2026-07-04T15:34:01.048246+00:00
2026-06-25,F,Tunisia,0.0,54,0.3,0.302,2026-07-04T15:34:01.048246+00:00
2026-06-25,G,Belgium,25.652,54,30.5,30.454,2026-07-04T15:34:01.048246+00:00
2026-06-25,G,Egypt,59.324,54,60.0,59.91,2026-07-04T15:34:01.048246+00:00
2026-06-25,G,Iran,15.024,54,9.65,9.636,2026-07-04T15:34:01.048246+00:00
2026-06-25,G,New Zealand,0.0,54,0.1,0.097,2026-07-04T15:34:01.048246+00:00
2026-06-25,H,Cape Verde,2.872,54,3.7,3.711,2026-07-04T15:34:01.048246+00:00
2026-06-25,H,Saudi Arabia,0.0,54,0.2,0.202,2026-07-04T15:34:01.048246+00:00
2026-06-25,H,Spain,84.71,54,86.5,86.76,2026-07-04T15:34:01.048246+00:00
2026-06-25,H,Uruguay,12.418,54,9.5,9.529,2026-07-04T15:34:01.048246+00:00
2026-06-25,I,France,84.472,54,80.5,80.5,2026-07-04T15:34:01.048246+00:00
2026-06-25,I,Iraq,0.0,54,0.1,0.099,2026-07-04T15:34:01.048246+00:00
2026-06-25,I,Norway,15.528,54,19.5,19.5,2026-07-04T15:34:01.048246+00:00
2026-06-25,I,Senegal,0.0,54,0.2,0.197,2026-07-04T15:34:01.048246+00:00
2026-06-25,J,Algeria,0.0,54,0.5,0.492,2026-07-04T15:34:01.048246+00:00
2026-06-25,J,Argentina,100.0,54,99.9,98.327,2026-07-04T15:34:01.048246+00:00
2026-06-25,J,Austria,0.0,54,0.2,0.197,2026-07-04T15:34:01.048246+00:00
2026-06-25,J,Jordan,0.0,54,1.0,0.984,2026-07-04T15:34:01.048246+00:00
2026-06-25,K,Colombia,48.588,54,48.0,48.241,2026-07-04T15:34:01.048246+00:00
2026-06-25,K,DR Congo,0.0,54,0.1,0.102,2026-07-04T15:34:01.048246+00:00
2026-06-25,K,Portugal,51.412,54,51.5,51.759,2026-07-04T15:34:01.048246+00:00
2026-06-25,K,Uzbekistan,0.0,54,0.1,0.102,2026-07-04T15:34:01.048246+00:00
2026-06-25,L,Croatia,10.144,54,8.15,8.122,2026-07-04T15:34:01.048246+00:00
2026-06-25,L,England,86.612,54,87.5,87.195,2026-07-04T15:34:01.048246+00:00
2026-06-25,L,Ghana,3.244,54,4.7,4.684,2026-07-04T15:34:01.048246+00:00
2026-06-25,L,Panama,0.0,54,1.5,1.448,2026-07-04T15:34:01.048246+00:00
2026-06-26,A,Czechia,0.0,60,0.1,0.1,2026-07-04T15:34:01.048246+00:00
2026-06-26,A,Mexico,100.0,60,99.9,99.701,2026-07-04T15:34:01.048246+00:00
2026-06-26,A,South Africa,0.0,60,0.1,0.1,2026-07-04T15:34:01.048246+00:00
2026-06-26,A,South Korea,0.0,60,0.1,0.1,2026-07-04T15:34:01.048246+00:00
2026-06-26,B,Bosnia and Herzegovina,0.0,60,0.1,0.1,2026-07-04T15:34:01.048246+00:00
2026-06-26,B,Canada,0.0,60,0.1,0.1,2026-07-04T15:34:01.048246+00:00
2026-06-26,B,Qatar,0.0,60,0.1,0.1,2026-07-04T15:34:01.048246+00:00
2026-06-26,B,Switzerland,100.0,60,99.9,99.701,2026-07-04T15:34:01.048246+00:00
2026-06-26,C,Brazil,100.0,60,99.9,99.701,2026-07-04T15:34:01.048246+00:00
2026-06-26,C,Haiti,0.0,60,0.1,0.1,2026-07-04T15:34:01.048246+00:00
2026-06-26,C,Morocco,0.0,60,0.1,0.1,2026-07-04T15:34:01.048246+00:00
2026-06-26,C,Scotland,0.0,60,0.1,0.1,2026-07-04T15:34:01.048246+00:00
2026-06-26,D,Australia,0.0,60,0.1,0.1,2026-07-04T15:34:01.048246+00:00
2026-06-26,D,Paraguay,0.0,60,0.1,0.1,2026-07-04T15:34:01.048246+00:00
2026-06-26,D,Turkey,0.0,60,0.1,0.1,2026-07-04T15:34:01.048246+00:00
2026-06-26,D,United States,100.0,60,99.9,99.701,2026-07-04T15:34:01.048246+00:00
2026-06-26,E,Curacao,0.0,60,0.1,0.1,2026-07-04T15:34:01.048246+00:00
2026-06-26,E,Ecuador,0.0,60,0.1,0.1,2026-07-04T15:34:01.048246+00:00
2026-06-26,E,Germany,100.0,60,99.9,99.701,2026-07-04T15:34:01.048246+00:00
2026-06-26,E,Ivory Coast,0.0,60,0.1,0.1,2026-07-04T15:34:01.048246+00:00
2026-06-26,F,Japan,0.0,60,0.1,0.099,2026-07-04T15:34:01.048246+00:00
2026-06-26,F,Netherlands,100.0,60,99.9,99.009,2026-07-04T15:34:01.048246+00:00
2026-06-26,F,Sweden,0.0,60,0.6,0.595,2026-07-04T15:34:01.048246+00:00
2026-06-26,F,Tunisia,0.0,60,0.3,0.297,2026-07-04T15:34:01.048246+00:00
2026-06-26,G,Belgium,25.652,60,28.5,28.978,2026-07-04T15:34:01.048246+00:00
2026-06-26,G,Egypt,59.324,60,59.5,60.498,2026-07-04T15:34:01.048246+00:00
2026-06-26,G,Iran,15.024,60,10.35,10.524,2026-07-04T15:34:01.048246+00:00
2026-06-26,G,New Zealand,0.0,60,0.1,0.098,2026-07-04T15:34:01.048246+00:00
2026-06-26,H,Cape Verde,2.872,60,2.55,2.549,2026-07-04T15:34:01.048246+00:00
2026-06-26,H,Saudi Arabia,0.0,60,0.2,0.202,2026-07-04T15:34:01.048246+00:00
2026-06-26,H,Spain,84.71,60,85.0,84.958,2026-07-04T15:34:01.048246+00:00
2026-06-26,H,Uruguay,12.418,60,12.5,12.494,2026-07-04T15:34:01.048246+00:00
2026-06-26,I,France,84.472,60,99.95,99.95,2026-07-04T15:34:01.048246+00:00
2026-06-26,I,Iraq,0.0,60,0.1,0.101,2026-07-04T15:34:01.048246+00:00
2026-06-26,I,Norway,15.528,60,0.05,0.05,2026-07-04T15:34:01.048246+00:00
2026-06-26,I,Senegal,0.0,60,0.2,0.201,2026-07-04T15:34:01.048246+00:00
2026-06-26,J,Algeria,0.0,60,0.5,0.492,2026-07-04T15:34:01.048246+00:00
2026-06-26,J,Argentina,100.0,60,99.9,98.327,2026-07-04T15:34:01.048246+00:00
2026-06-26,J,Austria,0.0,60,0.2,0.197,2026-07-04T15:34:01.048246+00:00
2026-06-26,J,Jordan,0.0,60,1.0,0.984,2026-07-04T15:34:01.048246+00:00
2026-06-26,K,Colombia,48.588,60,48.0,48.0,2026-07-04T15:34:01.048246+00:00
2026-06-26,K,DR Congo,0.0,60,0.1,0.102,2026-07-04T15:34:01.048246+00:00
2026-06-26,K,Portugal,51.412,60,52.0,52.0,2026-07-04T15:34:01.048246+00:00
2026-06-26,K,Uzbekistan,0.0,60,0.1,0.102,2026-07-04T15:34:01.048246+00:00
2026-06-26,L,Croatia,10.144,60,6.25,6.329,2026-07-04T15:34:01.048246+00:00
2026-06-26,L,England,86.612,60,87.5,88.608,2026-07-04T15:34:01.048246+00:00
2026-06-26,L,Ghana,3.244,60,5.0,5.063,2026-07-04T15:34:01.048246+00:00
2026-06-26,L,Panama,0.0,60,1.5,1.481,2026-07-04T15:34:01.048246+00:00
2026-06-27,A,Czechia,0.0,66,0.1,0.1,2026-07-04T15:34:01.048246+00:00
2026-06-27,A,Mexico,100.0,66,99.9,99.701,2026-07-04T15:34:01.048246+00:00
2026-06-27,A,South Africa,0.0,66,0.1,0.1,2026-07-04T15:34:01.048246+00:00
2026-06-27,A,South Korea,0.0,66,0.1,0.1,2026-07-04T15:34:01.048246+00:00
2026-06-27,B,Bosnia and Herzegovina,0.0,66,0.1,0.1,2026-07-04T15:34:01.048246+00:00
2026-06-27,B,Canada,0.0,66,0.1,0.1,2026-07-04T15:34:01.048246+00:00
2026-06-27,B,Qatar,0.0,66,0.1,0.1,2026-07-04T15:34:01.048246+00:00
2026-06-27,B,Switzerland,100.0,66,99.9,99.701,2026-07-04T15:34:01.048246+00:00
2026-06-27,C,Brazil,100.0,66,99.9,99.701,2026-07-04T15:34:01.048246+00:00
2026-06-27,C,Haiti,0.0,66,0.1,0.1,2026-07-04T15:34:01.048246+00:00
2026-06-27,C,Morocco,0.0,66,0.1,0.1,2026-07-04T15:34:01.048246+00:00
2026-06-27,C,Scotland,0.0,66,0.1,0.1,2026-07-04T15:34:01.048246+00:00
2026-06-27,D,Australia,0.0,66,0.1,0.1,2026-07-04T15:34:01.048246+00:00
2026-06-27,D,Paraguay,0.0,66,0.1,0.1,2026-07-04T15:34:01.048246+00:00
2026-06-27,D,Turkey,0.0,66,0.1,0.1,2026-07-04T15:34:01.048246+00:00
2026-06-27,D,United States,100.0,66,99.9,99.701,2026-07-04T15:34:01.048246+00:00
2026-06-27,E,Curacao,0.0,66,0.1,0.1,2026-07-04T15:34:01.048246+00:00
2026-06-27,E,Ecuador,0.0,66,0.1,0.1,2026-07-04T15:34:01.048246+00:00
2026-06-27,E,Germany,100.0,66,99.9,99.701,2026-07-04T15:34:01.048246+00:00
2026-06-27,E,Ivory Coast,0.0,66,0.1,0.1,2026-07-04T15:34:01.048246+00:00
2026-06-27,F,Japan,0.0,66,0.1,0.099,2026-07-04T15:34:01.048246+00:00
2026-06-27,F,Netherlands,100.0,66,99.9,99.009,2026-07-04T15:34:01.048246+00:00
2026-06-27,F,Sweden,0.0,66,0.6,0.595,2026-07-04T15:34:01.048246+00:00
2026-06-27,F,Tunisia,0.0,66,0.3,0.297,2026-07-04T15:34:01.048246+00:00
2026-06-27,G,Belgium,100.0,66,99.9,99.701,2026-07-04T15:34:01.048246+00:00
2026-06-27,G,Egypt,0.0,66,0.1,0.1,2026-07-04T15:34:01.048246+00:00
2026-06-27,G,Iran,0.0,66,0.1,0.1,2026-07-04T15:34:01.048246+00:00
2026-06-27,G,New Zealand,0.0,66,0.1,0.1,2026-07-04T15:34:01.048246+00:00
2026-06-27,H,Cape Verde,0.0,66,0.1,0.1,2026-07-04T15:34:01.048246+00:00
2026-06-27,H,Saudi Arabia,0.0,66,0.2,0.199,2026-07-04T15:34:01.048246+00:00
2026-06-27,H,Spain,100.0,66,99.9,99.601,2026-07-04T15:34:01.048246+00:00
2026-06-27,H,Uruguay,0.0,66,0.1,0.1,2026-07-04T15:34:01.048246+00:00
2026-06-27,I,France,100.0,66,99.9,99.601,2026-07-04T15:34:01.048246+00:00
2026-06-27,I,Iraq,0.0,66,0.1,0.1,2026-07-04T15:34:01.048246+00:00
2026-06-27,I,Norway,0.0,66,0.1,0.1,2026-07-04T15:34:01.048246+00:00
2026-06-27,I,Senegal,0.0,66,0.2,0.199,2026-07-04T15:34:01.048246+00:00
2026-06-27,J,Algeria,0.0,66,0.5,0.492,2026-07-04T15:34:01.048246+00:00
2026-06-27,J,Argentina,100.0,66,99.9,98.327,2026-07-04T15:34:01.048246+00:00
2026-06-27,J,Austria,0.0,66,0.2,0.197,2026-07-04T15:34:01.048246+00:00
2026-06-27,J,Jordan,0.0,66,1.0,0.984,2026-07-04T15:34:01.048246+00:00
2026-06-27,K,Colombia,48.588,66,54.0,54.545,2026-07-04T15:34:01.048246+00:00
2026-06-27,K,DR Congo,0.0,66,0.1,0.101,2026-07-04T15:34:01.048246+00:00
2026-06-27,K,Portugal,51.412,66,45.0,45.455,2026-07-04T15:34:01.048246+00:00
2026-06-27,K,Uzbekistan,0.0,66,0.1,0.101,2026-07-04T15:34:01.048246+00:00
2026-06-27,L,Croatia,10.144,66,0.05,0.05,2026-07-04T15:34:01.048246+00:00
2026-06-27,L,England,86.612,66,99.95,99.9,2026-07-04T15:34:01.048246+00:00
2026-06-27,L,Ghana,3.244,66,0.05,0.05,2026-07-04T15:34:01.048246+00:00
2026-06-27,L,Panama,0.0,66,1.5,1.478,2026-07-04T15:34:01.048246+00:00
